Title,URL,IMDB_Rating,Number_of_votes,Runtime,Genre,MPAA/TV_Rating,Metascore (*),Source,Title (w/ year),Country,Language,Release_Date
Black Is King,https://www.imdb.com/title/tt12607910/,5.7,4467,85.0,"['Adventure', 'Drama', 'Fantasy']",TV-14,75.0,IMDB,Black Is King (2020) ,"
Country:
USA
","
Language:
English
","
Release Date: 31 July 2020 (USA)
    
See more »
    
"
Raat Akeli Hai,https://www.imdb.com/title/tt12567088/,7.6,4840,149.0,"['Crime', 'Drama', 'Mystery']",,,IMDB,Raat Akeli Hai (2020) ,"
Country:
India
","
Language:
Hindi
","
Release Date: 31 July 2020 (USA)
    
See more »
    
"
Shakuntala Devi,https://www.imdb.com/title/tt10964468/,6.4,3386,127.0,['Drama'],,,IMDB,Shakuntala Devi (2020) ,"
Country:
India
","
Language:
Hindi
","
Release Date: 31 July 2020 (India)
    
See more »
    
"
Lootcase,https://www.imdb.com/title/tt10515526/,8.0,3941,0.0,['Comedy'],,,IMDB,Lootcase (2020) ,"
Country:
India
","
Language:
Hindi
","
Release Date: 31 July 2020 (India)
    
See more »
    
"
Yaara,https://www.imdb.com/title/tt3698454/,6.0,1249,0.0,"['Action', 'Crime', 'Drama']",,,IMDB,Yaara (2020) ,"
Country:
India
","
Language:
Hindi
","
Release Date: 30 July 2020 (India)
    
See more »
    
"
Deep Blue Sea 3,https://www.imdb.com/title/tt11946300/,4.6,1215,99.0,"['Action', 'Horror', 'Sci-Fi']",R,,IMDB,Deep Blue Sea 3 (2020) ,"
Country:
USA
","
Language:
English
","
Release Date: 28 July 2020 (USA)
    
See more »
    
"
The Kissing Booth 2,https://www.imdb.com/title/tt9784456/,6.0,9951,134.0,"['Comedy', 'Romance']",TV-14,39.0,IMDB,The Kissing Booth 2 (2020) ,"
Country:
UK
|
USA
","
Language:
English
","
Release Date: 24 July 2020 (USA)
    
See more »
    
"
Dil Bechara,https://www.imdb.com/title/tt8110330/,9.2,92425,101.0,"['Comedy', 'Drama', 'Romance']",,,IMDB,Dil Bechara (2020) ,"
Country:
India
","
Language:
Hindi
","
Release Date: 24 July 2020 (USA)
    
See more »
    
"
Offering to the Storm,https://www.imdb.com/title/tt7304824/,6.2,1596,139.0,"['Crime', 'Thriller']",,,IMDB,Offering to the Storm (2020) ,"
Country:
Spain
|
Germany
","
Language:
Spanish
","
Release Date: 24 July 2020 (USA)
    
See more »
    
"
The Rental,https://www.imdb.com/title/tt10003008/,5.8,4911,88.0,"['Horror', 'Thriller']",R,63.0,IMDB,The Rental (2020) ,"
Country:
USA
","
Language:
English
","
Release Date: 24 July 2020 (USA)
    
See more »
    
"
The Silencing,https://www.imdb.com/title/tt7149730/,6.1,2629,93.0,"['Action', 'Crime', 'Thriller']",R,,IMDB,The Silencing (2020) ,"
Country:
Canada
|
USA
","
Language:
English
","
Release Date: 18 July 2020 (USA)
    
See more »
    
"
Ghosts of War,https://www.imdb.com/title/tt6508228/,5.4,1365,94.0,"['Horror', 'Thriller', 'War']",R,38.0,IMDB,Ghosts of War (2020) ,"
Country:
UK
","
Language:
English
","
Release Date: 17 July 2020 (UK)
    
See more »
    
"
Virgin Bhanupriya,https://www.imdb.com/title/tt11964084/,6.4,1513,111.0,"['Comedy', 'Drama']",,,IMDB,Virgin Bhanupriya (2020) ,"
Country:
India
","
Language:
Hindi
","
Release Date: 16 July 2020 (India)
    
See more »
    
"
Fatal Affair,https://www.imdb.com/title/tt11057594/,4.4,3243,89.0,"['Drama', 'Thriller']",TV-14,34.0,IMDB,Fatal Affair (2020) ,"
Country:
USA
","
Language:
English
","
Release Date: 16 July 2020 (USA)
    
See more »
    
"
Unhinged,https://www.imdb.com/title/tt10059518/,6.2,1003,90.0,['Thriller'],R,33.0,IMDB,Unhinged (2020) ,"
Country:
USA
","
Language:
English
","
Release Date: 21 August 2020 (USA)
    
See more »
    
"
Peninsula,https://www.imdb.com/title/tt8850222/,6.0,1233,116.0,"['Action', 'Horror', 'Thriller']",,,IMDB,Peninsula (2020) ,"
Country:
South Korea
","
Language:
Korean
","
Release Date: 7 August 2020 (USA)
    
See more »
    
"
The Old Guard,https://www.imdb.com/title/tt7556122/,6.7,79295,125.0,"['Action', 'Adventure', 'Fantasy']",R,70.0,IMDB,The Old Guard (2020) ,"
Country:
USA
","
Language:
French
|
Italian
|
English
|
Arabic
","
Release Date: 10 July 2020 (USA)
    
See more »
    
"
Archive,https://www.imdb.com/title/tt6882604/,6.3,3269,109.0,['Sci-Fi'],,67.0,IMDB,Archive (2020) ,"
Country:
UK
|
Hungary
|
USA
","
Language:
English
","
Release Date: 10 July 2020 (USA)
    
See more »
    
"
Greyhound,https://www.imdb.com/title/tt6048922/,7.1,36938,91.0,"['Action', 'Drama', 'History']",PG-13,63.0,IMDB,Greyhound (2020) ,"
Country:
USA
|
Canada
|
China
","
Language:
English
","
Release Date: 10 July 2020 (USA)
    
See more »
    
"
Hamilton,https://www.imdb.com/title/tt8503618/,8.8,30986,160.0,"['Biography', 'Drama', 'History']",PG-13,90.0,IMDB,Hamilton (2020) ,"
Country:
USA
","
Language:
English
","
Release Date: 3 July 2020 (USA)
    
See more »
    
"
Desperados,https://www.imdb.com/title/tt1545304/,5.2,6014,105.0,"['Comedy', 'Romance']",,41.0,IMDB,Desperados (2020) ,"
Country:
USA
","
Language:
English
","
Release Date: 3 July 2020 (USA)
    
See more »
    
"
The F**k-It List,https://www.imdb.com/title/tt8145202/,5.1,2782,103.0,['Comedy'],,,IMDB,The F**k-It List (2020) ,"
Country:
USA
","
Language:
English
","
Release Date: 1 July 2020 (USA)
    
See more »
    
"
Under the Riccione Sun,https://www.imdb.com/title/tt10941528/,5.5,1153,101.0,"['Comedy', 'Drama', 'Romance']",,,IMDB,Under the Riccione Sun (2020) ,"
Country:
Italy
","
Language:
Italian
","
Release Date: 1 July 2020 (USA)
    
See more »
    
"
Force of Nature,https://www.imdb.com/title/tt10308928/,4.4,2921,91.0,"['Action', 'Drama']",R,29.0,IMDB,Force of Nature (2020) ,"
Country:
USA
","
Language:
English
","
Release Date: 30 June 2020 (USA)
    
See more »
    
"
Irresistible,https://www.imdb.com/title/tt9076562/,6.2,4835,101.0,"['Comedy', 'Drama']",R,47.0,IMDB,Irresistible (2020) ,"
Country:
USA
","
Language:
English
","
Release Date: 26 June 2020 (USA)
    
See more »
    
"
Eurovision Song Contest: The Story of Fire Saga,https://www.imdb.com/title/tt8580274/,6.6,54897,123.0,"['Comedy', 'Music']",PG-13,50.0,IMDB,Eurovision Song Contest: The Story of Fire Saga (2020) ,"
Country:
USA
","
Language:
Icelandic
|
English
","
Release Date: 26 June 2020 (USA)
    
See more »
    
"
The Outpost,https://www.imdb.com/title/tt3833480/,6.7,6857,123.0,"['Drama', 'History', 'War']",R,71.0,IMDB,The Outpost (2020) ,"
Country:
USA
|
Bulgaria
","
Language:
English
","
Release Date: 3 July 2020 (USA)
    
See more »
    
"
Bulbbul,https://www.imdb.com/title/tt12393526/,6.6,7249,94.0,"['Drama', 'Horror', 'Mystery']",,,IMDB,Bulbbul (2020) ,"
Country:
India
","
Language:
Hindi
","
Release Date: 24 June 2020 (USA)
    
See more »
    
"
Chaman Bahaar,https://www.imdb.com/title/tt8747450/,7.1,4216,111.0,"['Comedy', 'Drama']",,,IMDB,Chaman Bahaar (2020) ,"
Country:
India
","
Language:
Hindi
","
Release Date: 19 June 2020 (India)
    
See more »
    
"
Penguin,https://www.imdb.com/title/tt11323316/,4.6,1830,132.0,"['Drama', 'Mystery', 'Thriller']",Not Rated,,IMDB,Penguin (2020) ,"
Country:
India
","
Language:
Tamil
|
Malayalam
|
Telugu
","
Release Date: 19 June 2020 (USA)
    
See more »
    
"
Feel the Beat,https://www.imdb.com/title/tt10714856/,6.3,5332,109.0,"['Comedy', 'Drama', 'Family']",TV-G,,IMDB,Feel the Beat (2020) ,"
Country:
USA
","
Language:
English
","
Release Date: 19 June 2020 (USA)
    
See more »
    
"
Lost Bullet,https://www.imdb.com/title/tt10456740/,6.2,5003,92.0,"['Action', 'Crime', 'Thriller']",,78.0,IMDB,Lost Bullet (2020) ,"
Country:
France
","
Language:
French
","
Release Date: 19 June 2020 (USA)
    
See more »
    
"
You Should Have Left,https://www.imdb.com/title/tt8201852/,5.3,8161,93.0,"['Drama', 'Horror', 'Mystery']",R,46.0,IMDB,You Should Have Left (2020) ,"
Country:
USA
|
UK
","
Language:
English
","
Release Date: 18 June 2020 (USA)
    
See more »
    
"
A Whisker Away,https://www.imdb.com/title/tt11958344/,6.8,2811,104.0,"['Animation', 'Adventure', 'Family']",TV-PG,,IMDB,A Whisker Away (2020) ,"
Country:
Japan
","
Language:
Japanese
","
Release Date: 18 June 2020 (USA)
    
See more »
    
"
Da 5 Bloods,https://www.imdb.com/title/tt9777644/,6.5,26740,154.0,"['Adventure', 'Drama', 'War']",R,82.0,IMDB,Da 5 Bloods (2020) ,"
Country:
USA
","
Language:
English
|
Finnish
|
French
|
Vietnamese
","
Release Date: 12 June 2020 (USA)
    
See more »
    
"
The King of Staten Island,https://www.imdb.com/title/tt9686708/,7.2,17258,136.0,"['Comedy', 'Drama']",R,67.0,IMDB,The King of Staten Island (2020) ,"
Country:
USA
","
Language:
English
","
Release Date: 12 June 2020 (USA)
    
See more »
    
"
Infamous,https://www.imdb.com/title/tt7703924/,3.8,1114,100.0,['Crime'],Not Rated,41.0,IMDB,Infamous (2020) ,"
Country:
USA
","
Language:
English
","
Release Date: 12 June 2020 (USA)
    
See more »
    
"
Artemis Fowl,https://www.imdb.com/title/tt3089630/,4.1,16011,95.0,"['Adventure', 'Family', 'Fantasy']",PG,31.0,IMDB,Artemis Fowl (2020) ,"
Country:
USA
","
Language:
English
|
Italian
","
Release Date: 12 June 2020 (USA)
    
See more »
    
"
Gulabo Sitabo,https://www.imdb.com/title/tt10333912/,6.4,8647,124.0,"['Comedy', 'Drama']",,,IMDB,Gulabo Sitabo (2020) ,"
Country:
India
","
Language:
Hindi
","
Release Date: 12 June 2020 (USA)
    
See more »
    
"
Chintu Ka Birthday,https://www.imdb.com/title/tt8472964/,7.9,3069,80.0,['Drama'],,,IMDB,Chintu Ka Birthday (2020) ,"
Country:
India
","
Language:
Hindi
|
English
|
Arabic
","
Release Date: 5 June 2020 (India)
    
See more »
    
"
The Last Days of American Crime,https://www.imdb.com/title/tt1552211/,3.6,7666,148.0,"['Action', 'Crime', 'Thriller']",,15.0,IMDB,The Last Days of American Crime (2020) ,"
Country:
USA
","
Language:
English
","
Release Date: 5 June 2020 (USA)
    
See more »
    
"
Choked,https://www.imdb.com/title/tt11651780/,5.7,3981,114.0,['Drama'],TV-14,,IMDB,Choked (2020) ,"
Country:
India
","
Language:
Hindi
","
Release Date: 5 June 2020 (USA)
    
See more »
    
"
Becky,https://www.imdb.com/title/tt10314450/,5.7,6017,93.0,"['Action', 'Drama', 'Horror']",R,53.0,IMDB,Becky (2020) ,"
Country:
USA
","
Language:
English
","
Release Date: 5 June 2020 (USA)
    
See more »
    
"
Dating Amber,https://www.imdb.com/title/tt7886936/,7.1,1661,92.0,"['Comedy', 'Drama', 'Romance']",,,IMDB,Dating Amber (2020) ,"
Country:
Ireland
", ~data not found~ ,"
Release Date: 4 June 2020 (Ireland)
    
See more »
    
"
The High Note,https://www.imdb.com/title/tt9308382/,6.2,2735,113.0,"['Drama', 'Music', 'Romance']",PG-13,58.0,IMDB,The High Note (2020) ,"
Country:
USA
|
UK
|
China
","
Language:
English
","
Release Date: 29 May 2020 (USA)
    
See more »
    
"
Gabriel's Inferno,https://www.imdb.com/title/tt11316854/,6.2,1331,122.0,['Romance'],,,IMDB,Gabriel's Inferno (2020) ,"
Country:
USA
", ~data not found~ ,"
Release Date: 29 May 2020 (USA)
    
See more »
    
"
Ponmagal Vandhal,https://www.imdb.com/title/tt10692888/,6.9,2145,123.0,"['Drama', 'Thriller']",,,IMDB,Ponmagal Vandhal (2020) ,"
Country:
India
","
Language:
Tamil
","
Release Date: 29 May 2020 (USA)
    
See more »
    
"
The Dinner Party,https://www.imdb.com/title/tt10358198/,6.0,2103,116.0,"['Horror', 'Thriller']",,,IMDB,The Dinner Party (2020) ,"
Country:
USA
","
Language:
English
","
Release Date: 9 June 2020 (USA)
    
See more »
    
"
Intuition,https://www.imdb.com/title/tt12282598/,5.3,1581,116.0,"['Crime', 'Thriller']",,,IMDB,Intuition (2020) ,"
Country:
Argentina
","
Language:
Spanish
","
Release Date: 28 May 2020 (USA)
    
See more »
    
"
The Lovebirds,https://www.imdb.com/title/tt8851668/,6.0,17049,86.0,"['Action', 'Comedy', 'Crime']",R,59.0,IMDB,The Lovebirds (2020) ,"
Country:
USA
","
Language:
English
","
Release Date: 22 May 2020 (USA)
    
See more »
    
"
Inheritance,https://www.imdb.com/title/tt7923220/,5.4,4047,111.0,"['Drama', 'Mystery', 'Thriller']",,31.0,IMDB,Inheritance (2020) ,"
Country:
USA
","
Language:
English
","
Release Date: 22 May 2020 (USA)
    
See more »
    
"
Ghoomketu,https://www.imdb.com/title/tt3734580/,5.8,2480,108.0,['Comedy'],,,IMDB,Ghoomketu (2020) ,"
Country:
India
","
Language:
Hindi
","
Release Date: 22 May 2020 (India)
    
See more »
    
"
Survive the Night,https://www.imdb.com/title/tt10303324/,5.0,5008,90.0,"['Action', 'Drama', 'Thriller']",R,26.0,IMDB,Survive the Night (2020) ,"
Country:
USA
","
Language:
English
","
Release Date: 22 May 2020 (USA)
    
See more »
    
"
Last Moment of Clarity,https://www.imdb.com/title/tt1929297/,5.1,1110,90.0,['Thriller'],R,,IMDB,Last Moment of Clarity (2020) ,"
Country:
USA
","
Language:
English
","
Release Date: 19 May 2020 (USA)
    
See more »
    
"
Proximity,https://www.imdb.com/title/tt8718300/,4.6,1190,119.0,"['Drama', 'Sci-Fi']",Not Rated,38.0,IMDB,Proximity (2020) ,"
Country:
USA
", ~data not found~ ,"
Release Date: 15 May 2020 (USA)
    
See more »
    
"
Scoob!,https://www.imdb.com/title/tt3152592/,5.7,12813,93.0,"['Animation', 'Adventure', 'Comedy']",PG,43.0,IMDB,Scoob! (2020) ,"
Country:
USA
|
Canada
","
Language:
English
","
Release Date: 15 May 2020 (USA)
    
See more »
    
"
The Wrong Missy,https://www.imdb.com/title/tt9619798/,5.7,27388,90.0,"['Comedy', 'Romance']",,33.0,IMDB,The Wrong Missy (2020) ,"
Country:
USA
","
Language:
English
","
Release Date: 13 May 2020 (USA)
    
See more »
    
"
Capone,https://www.imdb.com/title/tt6199572/,4.7,10412,103.0,"['Biography', 'Crime', 'Drama']",R,46.0,IMDB,Capone (2020) ,"
Country:
Canada
|
USA
","
Language:
English
|
Polish
","
Release Date: 12 May 2020 (USA)
    
See more »
    
"
Choke,https://www.imdb.com/title/tt11127256/,5.1,1473,73.0,"['Horror', 'Thriller']",,,IMDB,Choke (2020) ,"
Country:
USA
", ~data not found~ ,"
Release Date: 10 May 2020 (USA)
    
See more »
    
"
Valley Girl,https://www.imdb.com/title/tt1266036/,5.4,1284,102.0,"['Comedy', 'Musical', 'Romance']",PG-13,53.0,IMDB,Valley Girl (2020) ,"
Country:
USA
","
Language:
English
","
Release Date: 8 May 2020 (USA)
    
See more »
    
"
Arkansas,https://www.imdb.com/title/tt9139586/,5.8,3821,117.0,"['Crime', 'Drama', 'Thriller']",R,55.0,IMDB,Arkansas (2020) ,"
Country:
USA
","
Language:
English
","
Release Date: 5 May 2020 (USA)
    
See more »
    
"
The Half of It,https://www.imdb.com/title/tt9683478/,6.9,22314,104.0,"['Comedy', 'Drama', 'Romance']",PG-13,74.0,IMDB,The Half of It (2020) ,"
Country:
USA
","
Language:
Spanish
|
Hindi
|
English
|
Mandarin
|
French
","
Release Date: 1 May 2020 (USA)
    
See more »
    
"
All Day and a Night,https://www.imdb.com/title/tt3993886/,5.8,2500,121.0,['Drama'],R,60.0,IMDB,All Day and a Night (2020) ,"
Country:
USA
","
Language:
English
","
Release Date: 1 May 2020 (USA)
    
See more »
    
"
Mrs. Serial Killer,https://www.imdb.com/title/tt10230426/,4.8,10486,106.0,"['Drama', 'Crime']",,,IMDB,Mrs. Serial Killer (2020) ,"
Country:
India
","
Language:
Hindi
|
English
","
Release Date: 1 May 2020 (USA)
    
See more »
    
"
Ricos de Amor,https://www.imdb.com/title/tt10329566/,5.8,1532,104.0,"['Comedy', 'Romance']",TV-14,,IMDB,Ricos de Amor (2020) ,"
Country:
Brazil
","
Language:
English
|
Portuguese
","
Release Date: 30 April 2020 (Brazil)
    
See more »
    
"
Dangerous Lies,https://www.imdb.com/title/tt10183816/,5.2,12013,96.0,"['Drama', 'Mystery', 'Thriller']",TV-14,51.0,IMDB,Dangerous Lies (2020) ,"
Country:
USA
","
Language:
English
","
Release Date: 30 April 2020 (USA)
    
See more »
    
"
Extraction,https://www.imdb.com/title/tt8936646/,6.7,136356,116.0,"['Action', 'Thriller']",R,56.0,IMDB,Extraction (2020) ,"
Country:
USA
","
Language:
English
|
Hindi
|
Bengali
","
Release Date: 24 April 2020 (USA)
    
See more »
    
"
The Willoughbys,https://www.imdb.com/title/tt5206260/,6.4,10540,90.0,"['Animation', 'Adventure', 'Comedy']",PG,68.0,IMDB,The Willoughbys (2020) ,"
Country:
Canada
|
USA
|
UK
","
Language:
English
","
Release Date: 22 April 2020 (USA)
    
See more »
    
"
Nathan's Kingdom,https://www.imdb.com/title/tt3274690/,7.0,1599,93.0,"['Adventure', 'Drama', 'Sci-Fi']",,,IMDB,Nathan's Kingdom (2020) ,"
Country:
USA
","
Language:
English
","
Release Date: 21 April 2020 (USA)
    
See more »
    
"
Rising High,https://www.imdb.com/title/tt9806336/,5.7,3298,94.0,"['Comedy', 'Drama']",,40.0,IMDB,Rising High (2020) ,"
Country:
Germany
","
Language:
German
|
English
","
Release Date: 17 April 2020 (USA)
    
See more »
    
"
Bad Trip,https://www.imdb.com/title/tt9684220/,6.5,1900,84.0,['Comedy'],R,,IMDB,Bad Trip (2020) ,"
Country:
USA
","
Language:
English
","
Release Date: 17 April 2020 (USA)
    
See more »
    
"
The Quarry,https://www.imdb.com/title/tt10151054/,5.2,1326,98.0,"['Crime', 'Mystery', 'Thriller']",R,53.0,IMDB,The Quarry (2020) ,"
Country:
USA
","
Language:
English
","
Release Date: 15 June 2020 (Poland)
    
See more »
    
"
Earth and Blood,https://www.imdb.com/title/tt10092752/,4.9,1797,80.0,"['Action', 'Thriller']",,,IMDB,Earth and Blood (2020) ,"
Country:
France
|
Belgium
","
Language:
French
","
Release Date: 17 April 2020 (USA)
    
See more »
    
"
Sputnik,https://www.imdb.com/title/tt11905962/,6.0,1231,113.0,"['Horror', 'Sci-Fi']",,,IMDB,Sputnik (2020) ,"
Country:
Russia
","
Language:
Russian
","
Release Date: 24 July 2020 (Estonia)
    
See more »
    
"
Nobody Knows I'm Here,https://www.imdb.com/title/tt10728764/,6.5,2197,91.0,"['Drama', 'Music']",,64.0,IMDB,Nobody Knows I'm Here (2020) ,"
Country:
Chile
","
Language:
Spanish
|
English
","
Release Date: 24 June 2020 (USA)
    
See more »
    
"
Light from the Tower,https://www.imdb.com/title/tt10264340/,5.9,1058,77.0,"['Comedy', 'Drama', 'Mystery']",,,IMDB,Light from the Tower (2020) ,"
Country:
USA
","
Language:
English
","
Release Date: 15 April 2020 (USA)
    
See more »
    
"
Mortal Kombat Legends: Scorpion's Revenge,https://www.imdb.com/title/tt9580138/,7.5,8713,80.0,"['Animation', 'Action', 'Adventure']",R,,IMDB,Mortal Kombat Legends: Scorpion's Revenge (2020) ,"
Country:
USA
","
Language:
English
","
Release Date: 12 April 2020 (USA)
    
See more »
    
"
Tigertail,https://www.imdb.com/title/tt8902948/,6.4,2451,91.0,['Drama'],PG,65.0,IMDB,Tigertail (2020) ,"
Country:
USA
","
Language:
English
|
Min Nan
|
Mandarin
","
Release Date: 10 April 2020 (USA)
    
See more »
    
"
Love Wedding Repeat,https://www.imdb.com/title/tt5096470/,5.5,15079,100.0,"['Comedy', 'Romance']",,41.0,IMDB,Love Wedding Repeat (2020) ,"
Country:
UK
|
Italy
","
Language:
English
","
Release Date: 10 April 2020 (USA)
    
See more »
    
"
Bamfaad,https://www.imdb.com/title/tt11730940/,7.5,1481,102.0,['Romance'],,,IMDB,Bamfaad (2020) ,"
Country:
India
","
Language:
Hindi
","
Release Date: 10 April 2020 (India)
    
See more »
    
"
The Main Event,https://www.imdb.com/title/tt10540242/,4.7,1564,101.0,"['Action', 'Comedy', 'Family']",,52.0,IMDB,The Main Event (2020) ,"
Country:
USA
","
Language:
English
","
Release Date: 10 April 2020 (USA)
    
See more »
    
"
Axcellerator,https://www.imdb.com/title/tt6143798/,5.1,1057,91.0,"['Action', 'Sci-Fi']",,,IMDB,Axcellerator (2020) ,"
Country:
USA
", ~data not found~ ,"
Release Date: 8 April 2020 (USA)
    
See more »
    
"
Coffee & Kareem,https://www.imdb.com/title/tt9898858/,5.1,10360,88.0,"['Action', 'Comedy']",,35.0,IMDB,Coffee & Kareem (2020) ,"
Country:
USA
","
Language:
English
","
Release Date: 3 April 2020 (USA)
    
See more »
    
"
Shooting Heroin,https://www.imdb.com/title/tt8332454/,6.5,2865,90.0,"['Action', 'Drama', 'Thriller']",R,,IMDB,Shooting Heroin (2020) ,"
Country:
USA
","
Language:
English
","
Release Date: 3 April 2020 (USA)
    
See more »
    
"
Uncorked,https://www.imdb.com/title/tt9261218/,6.2,3468,104.0,['Drama'],,62.0,IMDB,Uncorked (2020) ,"
Country:
USA
","
Language:
English
","
Release Date: 27 March 2020 (USA)
    
See more »
    
"
Body Cam,https://www.imdb.com/title/tt8179024/,5.2,1472,96.0,"['Horror', 'Mystery', 'Thriller']",R,37.0,IMDB,Body Cam (2020) ,"
Country:
USA
","
Language:
English
","
Release Date: 18 May 2020 (UK)
    
See more »
    
"
Maska,https://www.imdb.com/title/tt11953628/,5.9,1114,111.0,"['Comedy', 'Drama', 'Romance']",,,IMDB,Maska (2020) ,"
Country:
India
","
Language:
English
|
Hindi
|
Parsee
","
Release Date: 30 March 2020 (India)
    
See more »
    
"
The Occupant,https://www.imdb.com/title/tt9345754/,6.3,10770,103.0,"['Adventure', 'Drama', 'Thriller']",,,IMDB,The Occupant (2020) ,"
Country:
Spain
","
Language:
Spanish
","
Release Date: 25 March 2020 (USA)
    
See more »
    
"
Nobody Sleeps in the Woods Tonight,https://www.imdb.com/title/tt11240506/,5.0,1175,102.0,['Horror'],,,IMDB,Nobody Sleeps in the Woods Tonight (2020) ,"
Country:
Poland
","
Language:
Polish
","
Release Date: 20 March 2020 (Poland)
    
See more »
    
"
Altered Carbon: Resleeved,https://www.imdb.com/title/tt9310328/,6.5,4003,74.0,"['Animation', 'Action', 'Crime']",,,IMDB,Altered Carbon: Resleeved (2020) ,"
Country:
Japan
|
USA
","
Language:
Japanese
","
Release Date: 19 March 2020 (USA)
    
See more »
    
"
Stargirl,https://www.imdb.com/title/tt4858674/,6.2,2913,107.0,"['Comedy', 'Drama', 'Romance']",PG,61.0,IMDB,Stargirl (2020) ,"
Country:
USA
","
Language:
English
","
Release Date: 13 March 2020 (USA)
    
See more »
    
"
The Postcard Killings,https://www.imdb.com/title/tt4106514/,5.7,3845,104.0,"['Crime', 'Drama', 'Mystery']",Not Rated,29.0,IMDB,The Postcard Killings (2020) ,"
Country:
UK
|
USA
","
Language:
English
|
Swedish
|
Russian
|
German
|
French
","
Release Date: 13 March 2020 (USA)
    
See more »
    
"
Trolls World Tour,https://www.imdb.com/title/tt6587640/,6.1,10821,90.0,"['Animation', 'Adventure', 'Comedy']",PG,51.0,IMDB,Trolls World Tour (2020) ,"
Country:
USA
","
Language:
English
","
Release Date: 10 April 2020 (USA)
    
See more »
    
"
I Still Believe,https://www.imdb.com/title/tt9779516/,6.6,5616,116.0,"['Biography', 'Drama', 'Music']",PG,41.0,IMDB,I Still Believe (2020) ,"
Country:
USA
","
Language:
English
","
Release Date: 13 March 2020 (USA)
    
See more »
    
"
Angrezi Medium,https://www.imdb.com/title/tt8907986/,7.3,9125,145.0,"['Comedy', 'Drama']",,,IMDB,Angrezi Medium (2020) ,"
Country:
India
","
Language:
Hindi
","
Release Date: 13 March 2020 (USA)
    
See more »
    
"
The Hunt,https://www.imdb.com/title/tt8244784/,6.5,48060,90.0,"['Action', 'Horror', 'Thriller']",R,50.0,IMDB,The Hunt (2020) ,"
Country:
USA
","
Language:
English
","
Release Date: 13 March 2020 (USA)
    
See more »
    
"
Ultras,https://www.imdb.com/title/tt10937434/,5.9,3727,108.0,['Drama'],,,IMDB,Ultras (2020) ,"
Country:
Italy
","
Language:
Italian
","
Release Date: 9 March 2020 (Italy)
    
See more »
    
"
Resistance,https://www.imdb.com/title/tt6914122/,6.1,2194,120.0,"['Biography', 'Drama', 'History']",R,53.0,IMDB,Resistance (2020) ,"
Country:
UK
|
France
|
Germany
|
USA
","
Language:
English
","
Release Date: 27 March 2020 (USA)
    
See more »
    
"
Spenser Confidential,https://www.imdb.com/title/tt8629748/,6.2,59482,111.0,"['Action', 'Comedy', 'Crime']",R,49.0,IMDB,Spenser Confidential (2020) ,"
Country:
USA
","
Language:
English
","
Release Date: 6 March 2020 (USA)
    
See more »
    
"
Baaghi 3,https://www.imdb.com/title/tt8366590/,2.1,7161,143.0,"['Action', 'Thriller']",Not Rated,,IMDB,Baaghi 3 (2020) ,"
Country:
India
","
Language:
Hindi
","
Release Date: 6 March 2020 (USA)
    
See more »
    
"
The Banker,https://www.imdb.com/title/tt6285944/,7.2,13316,120.0,"['Biography', 'Drama']",PG-13,59.0,IMDB,The Banker (2020) ,"
Country:
USA
","
Language:
English
","
Release Date: 20 March 2020 (USA)
    
See more »
    
"
Kappela,https://www.imdb.com/title/tt11230868/,7.6,1487,113.0,"['Comedy', 'Romance']",,,IMDB,Kappela (2020) ,"
Country:
India
","
Language:
Malayalam
","
Release Date: 13 March 2020 (USA)
    
See more »
    
"
Guilty,https://www.imdb.com/title/tt10062614/,5.5,3350,119.0,"['Drama', 'Thriller']",,,IMDB,Guilty (2020) ,"
Country:
India
","
Language:
Hindi
","
Release Date: 6 March 2020 (India)
    
See more »
    
"
The Hater,https://www.imdb.com/title/tt9506474/,7.1,2562,135.0,"['Animation', 'Drama', 'Thriller']",,61.0,IMDB,The Hater (2020) ,"
Country:
Poland
","
Language:
Polish
|
English
","
Release Date: 29 July 2020 (USA)
    
See more »
    
"
The Way Back,https://www.imdb.com/title/tt8544498/,6.7,21707,108.0,"['Drama', 'Sport']",R,66.0,IMDB,The Way Back (2020) ,"
Country:
USA
","
Language:
English
","
Release Date: 6 March 2020 (USA)
    
See more »
    
"
Die KÃ¤nguru-Chroniken,https://www.imdb.com/title/tt7749142/,5.4,1216,92.0,['Comedy'],,,IMDB,Die Känguru-Chroniken (2020) ,"
Country:
Germany
","
Language:
German
|
English
","
Release Date: 5 March 2020 (Germany)
    
See more »
    
"
Bloodshot,https://www.imdb.com/title/tt1634106/,5.7,46203,109.0,"['Action', 'Drama', 'Sci-Fi']",PG-13,44.0,IMDB,Bloodshot (2020) ,"
Country:
USA
|
China
","
Language:
English
|
Persian
","
Release Date: 13 March 2020 (USA)
    
See more »
    
"
The Trip to Greece,https://www.imdb.com/title/tt10482504/,6.6,1690,103.0,"['Comedy', 'Drama']",,69.0,IMDB,The Trip to Greece (2020) ,"
Country:
UK
","
Language:
English
","
Release Date: 22 May 2020 (USA)
    
See more »
    
"
Escape from Pretoria,https://www.imdb.com/title/tt5797184/,6.8,14225,106.0,['Thriller'],PG-13,56.0,IMDB,Escape from Pretoria (2020) ,"
Country:
UK
|
Australia
|
USA
|
South Africa
","
Language:
English
","
Release Date: 6 March 2020 (USA)
    
See more »
    
"
Kannum Kannum Kollaiyadithaal,https://www.imdb.com/title/tt8042292/,7.7,3617,160.0,"['Drama', 'Romance', 'Thriller']",,,IMDB,Kannum Kannum Kollaiyadithaal (2020) ,"
Country:
India
","
Language:
Tamil
","
Release Date: 28 February 2020 (USA)
    
See more »
    
"
All the Bright Places,https://www.imdb.com/title/tt3907584/,6.5,16478,107.0,"['Drama', 'Romance']",,61.0,IMDB,All the Bright Places (2020) ,"
Country:
USA
","
Language:
English
","
Release Date: 28 February 2020 (USA)
    
See more »
    
"
Draupathi,https://www.imdb.com/title/tt11581264/,3.7,1230,159.0,"['Action', 'Drama']",,,IMDB,Draupathi (2020) ,"
Country:
India
","
Language:
Tamil
","
Release Date: 28 February 2020 (India)
    
See more »
    
"
Hit,https://www.imdb.com/title/tt11490170/,7.8,2481,125.0,"['Action', 'Crime', 'Drama']",Not Rated,,IMDB,Hit (2020) ,"
Country:
India
","
Language:
Telugu
","
Release Date: 28 February 2020 (USA)
    
See more »
    
"
Doordarshan,https://www.imdb.com/title/tt11231440/,6.3,1297,119.0,"['Comedy', 'Drama']",,,IMDB,Doordarshan (2020) ,"
Country:
India
","
Language:
Hindi
","
Release Date: 28 February 2020 (USA)
    
See more »
    
"
Thappad,https://www.imdb.com/title/tt10964430/,6.9,12476,142.0,['Drama'],,,IMDB,Thappad (2020) ,"
Country:
India
","
Language:
Hindi
","
Release Date: 28 February 2020 (USA)
    
See more »
    
"
Forensic,https://www.imdb.com/title/tt10187680/,6.6,1928,134.0,"['Crime', 'Mystery', 'Thriller']",Not Rated,,IMDB,Forensic (2020) ,"
Country:
India
","
Language:
Malayalam
","
Release Date: 28 February 2020 (USA)
    
See more »
    
"
The Decline,https://www.imdb.com/title/tt10307440/,5.9,5782,83.0,"['Action', 'Thriller']",,,IMDB,The Decline (2020) ,"
Country:
Canada
","
Language:
French
","
Release Date: 27 March 2020 (USA)
    
See more »
    
"
Favolacce,https://www.imdb.com/title/tt8526370/,6.9,2995,98.0,['Drama'],,,IMDB,Favolacce (2020) ,"
Country:
Italy
|
Switzerland
","
Language:
Italian
","
Release Date: 15 June 2020 (Italy)
    
See more »
    
"
The Invisible Man,https://www.imdb.com/title/tt1051906/,7.1,123383,124.0,"['Horror', 'Mystery', 'Sci-Fi']",R,72.0,IMDB,The Invisible Man (2020) ,"
Country:
Canada
|
Australia
|
USA
","
Language:
English
","
Release Date: 28 February 2020 (USA)
    
See more »
    
"
Time to Hunt,https://www.imdb.com/title/tt11777040/,6.3,2439,134.0,"['Action', 'Crime', 'Drama']",,,IMDB,Time to Hunt (2020) ,"
Country:
South Korea
","
Language:
Korean
","
Release Date: 10 April 2020 (USA)
    
See more »
    
"
Impractical Jokers: The Movie,https://www.imdb.com/title/tt9208444/,6.0,3912,92.0,['Comedy'],PG-13,39.0,IMDB,Impractical Jokers: The Movie (2020) ,"
Country:
USA
","
Language:
English
","
Release Date: 28 February 2020 (USA)
    
See more »
    
"
Onward,https://www.imdb.com/title/tt7146812/,7.4,73096,102.0,"['Animation', 'Adventure', 'Comedy']",PG,61.0,IMDB,Onward (2020) ,"
Country:
USA
","
Language:
English
","
Release Date: 6 March 2020 (USA)
    
See more »
    
"
Bheeshma,https://www.imdb.com/title/tt11199356/,6.6,1523,150.0,"['Action', 'Comedy', 'Romance']",Not Rated,,IMDB,Bheeshma (2020) ,"
Country:
India
","
Language:
Telugu
","
Release Date: 21 February 2020 (USA)
    
See more »
    
"
Miami Bici,https://www.imdb.com/title/tt10993566/,6.4,4626,98.0,['Comedy'],,,IMDB,Miami Bici (2020) ,"
Country:
Romania
","
Language:
Romanian
|
English
|
Spanish
|
French
","
Release Date: 21 February 2020 (Romania)
    
See more »
    
"
Mafia: Chapter 1,https://www.imdb.com/title/tt10594792/,6.0,1013,113.0,"['Action', 'Crime', 'Drama']",Not Rated,,IMDB,Mafia: Chapter 1 (2020) ,"
Country:
India
","
Language:
Tamil
","
Release Date: 21 February 2020 (USA)
    
See more »
    
"
Bhoot: Part One - The Haunted Ship,https://www.imdb.com/title/tt10463030/,5.5,3511,114.0,"['Horror', 'Mystery', 'Thriller']",,,IMDB,Bhoot: Part One - The Haunted Ship (2020) ,"
Country:
India
","
Language:
Hindi
","
Release Date: 21 February 2020 (USA)
    
See more »
    
"
Shubh Mangal Zyada Saavdhan,https://www.imdb.com/title/tt10309906/,5.8,6694,117.0,"['Comedy', 'Romance']",,,IMDB,Shubh Mangal Zyada Saavdhan (2020) ,"
Country:
India
","
Language:
Hindi
","
Release Date: 21 February 2020 (USA)
    
See more »
    
"
Trance,https://www.imdb.com/title/tt6720802/,7.3,3203,170.0,"['Drama', 'Thriller']",Not Rated,,IMDB,Trance (2020) ,"
Country:
India
","
Language:
Malayalam
","
Release Date: 6 March 2020 (USA)
    
See more »
    
"
Bayi Toplantisi,https://www.imdb.com/title/tt11527964/,4.6,1512,114.0,['Comedy'],,,IMDB,Bayi Toplantisi (2020) ,"
Country:
Turkey
","
Language:
Turkish
","
Release Date: 21 February 2020 (Turkey)
    
See more »
    
"
Brahms: The Boy II,https://www.imdb.com/title/tt9173418/,4.6,8238,86.0,"['Drama', 'Horror', 'Mystery']",PG-13,29.0,IMDB,Brahms: The Boy II (2020) ,"
Country:
USA
|
China
|
Canada
|
Australia
","
Language:
English
","
Release Date: 21 February 2020 (USA)
    
See more »
    
"
The Night Clerk,https://www.imdb.com/title/tt7979142/,5.4,5960,90.0,"['Crime', 'Drama', 'Mystery']",R,44.0,IMDB,The Night Clerk (2020) ,"
Country:
USA
","
Language:
English
","
Release Date: 21 February 2020 (USA)
    
See more »
    
"
The Call of the Wild,https://www.imdb.com/title/tt7504726/,6.8,27683,100.0,"['Adventure', 'Drama', 'Family']",PG,47.0,IMDB,The Call of the Wild (2020) ,"
Country:
USA
|
Canada
","
Language:
English
|
French
","
Release Date: 21 February 2020 (USA)
    
See more »
    
"
Isi & Ossi,https://www.imdb.com/title/tt9806322/,6.4,5247,113.0,"['Comedy', 'Romance']",,,IMDB,Isi & Ossi (2020) ,"
Country:
Germany
","
Language:
German
","
Release Date: 14 February 2020 (USA)
    
See more »
    
"
The Photograph,https://www.imdb.com/title/tt7798646/,5.9,2488,106.0,"['Drama', 'Romance']",PG-13,62.0,IMDB,The Photograph (2020) ,"
Country:
USA
","
Language:
English
","
Release Date: 14 February 2020 (USA)
    
See more »
    
"
Spy Intervention,https://www.imdb.com/title/tt7369550/,4.5,1103,93.0,"['Action', 'Adventure', 'Comedy']",Not Rated,,IMDB,Spy Intervention (2020) ,"
Country:
USA
","
Language:
English
","
Release Date: 14 February 2020 (USA)
    
See more »
    
"
Sufna,https://www.imdb.com/title/tt11173106/,8.2,1031,144.0,['Romance'],,,IMDB,Sufna (2020) ,"
Country:
India
","
Language:
Punjabi
","
Release Date: 14 February 2020 (USA)
    
See more »
    
"
Oh My Kadavule,https://www.imdb.com/title/tt11143108/,8.1,2009,151.0,['Comedy'],,,IMDB,Oh My Kadavule (2020) ,"
Country:
India
","
Language:
Tamil
","
Release Date: 14 February 2020 (USA)
    
See more »
    
"
Zenek,https://www.imdb.com/title/tt10132196/,2.3,1394,115.0,"['Biography', 'Music']",,,IMDB,Zenek (2020) ,"
Country:
Poland
","
Language:
Polish
","
Release Date: 14 February 2020 (Poland)
    
See more »
    
"
Emma.,https://www.imdb.com/title/tt9214832/,6.7,18635,124.0,"['Comedy', 'Drama']",PG,71.0,IMDB,Emma. (2020) ,"
Country:
UK
","
Language:
English
","
Release Date: 6 March 2020 (USA)
    
See more »
    
"
World Famous Lover,https://www.imdb.com/title/tt10991188/,4.6,1386,154.0,['Romance'],,,IMDB,World Famous Lover (2020) ,"
Country:
India
","
Language:
Telugu
","
Release Date: 14 February 2020 (USA)
    
See more »
    
"
To All the Boys: P.S. I Still Love You,https://www.imdb.com/title/tt9354842/,6.0,20315,101.0,"['Comedy', 'Drama', 'Romance']",TV-14,54.0,IMDB,To All the Boys: P.S. I Still Love You (2020) ,"
Country:
USA
","
Language:
English
","
Release Date: 12 February 2020 (USA)
    
See more »
    
"
Love Aaj Kal,https://www.imdb.com/title/tt10023024/,5.0,6103,142.0,"['Drama', 'Romance']",,,IMDB,Love Aaj Kal (2020) ,"
Country:
India
","
Language:
Hindi
","
Release Date: 14 February 2020 (USA)
    
See more »
    
"
Fantasy Island,https://www.imdb.com/title/tt0983946/,4.9,25127,109.0,"['Adventure', 'Fantasy', 'Horror']",PG-13,22.0,IMDB,Fantasy Island (2020) ,"
Country:
USA
","
Language:
English
","
Release Date: 14 February 2020 (USA)
    
See more »
    
"
Malang,https://www.imdb.com/title/tt9877170/,6.5,6727,135.0,"['Action', 'Crime', 'Drama']",Not Rated,,IMDB,Malang (2020) ,"
Country:
India
","
Language:
Hindi
","
Release Date: 7 February 2020 (USA)
    
See more »
    
"
Ayyappanum Koshiyum,https://www.imdb.com/title/tt11322920/,7.9,3124,177.0,"['Action', 'Drama', 'Thriller']",Not Rated,,IMDB,Ayyappanum Koshiyum (2020) ,"
Country:
India
","
Language:
Malayalam
","
Release Date: 7 February 2020 (USA)
    
See more »
    
"
Dia,https://www.imdb.com/title/tt11235142/,8.2,3181,137.0,['Drama'],,,IMDB,Dia (2020) ,"
Country:
India
","
Language:
Kannada
","
Release Date: 7 February 2020 (India)
    
See more »
    
"
Shikara,https://www.imdb.com/title/tt10930586/,3.6,5733,118.0,"['Drama', 'Romance']",Not Rated,,IMDB,Shikara (2020) ,"
Country:
India
","
Language:
Hindi
","
Release Date: 7 February 2020 (USA)
    
See more »
    
"
365 Days,https://www.imdb.com/title/tt10886166/,3.3,30188,114.0,"['Drama', 'Romance']",,,IMDB,365 Days (2020) ,"
Country:
Poland
","
Language:
Polish
|
English
|
Italian
","
Release Date: 7 February 2020 (Poland)
    
See more »
    
"
Varane Avashyamund,https://www.imdb.com/title/tt11531530/,6.9,1607,145.0,"['Drama', 'Family']",,,IMDB,Varane Avashyamund (2020) ,"
Country:
India
","
Language:
Malayalam
","
Release Date: 14 February 2020 (USA)
    
See more »
    
"
Cupid,https://www.imdb.com/title/tt10817348/,4.8,1117,83.0,['Horror'],,,IMDB,Cupid (2020) ,"
Country:
USA
","
Language:
English
","
Release Date: 6 February 2020 (USA)
    
See more »
    
"
Adu,https://www.imdb.com/title/tt9616700/,6.7,1394,119.0,['Drama'],,,IMDB,Adu (2020) ,"
Country:
Spain
","
Language:
French
|
English
|
Spanish
","
Release Date: 30 June 2020 (USA)
    
See more »
    
"
Jawaani Jaaneman,https://www.imdb.com/title/tt9248952/,6.7,5166,119.0,['Comedy'],Not Rated,,IMDB,Jawaani Jaaneman (2020) ,"
Country:
India
","
Language:
Hindi
","
Release Date: 31 January 2020 (USA)
    
See more »
    
"
Love Mocktail,https://www.imdb.com/title/tt10919132/,8.3,1963,153.0,"['Drama', 'Romance']",Not Rated,,IMDB,Love Mocktail (2020) ,"
Country:
India
","
Language:
Kannada
","
Release Date: 31 January 2020 (USA)
    
See more »
    
"
Gretel & Hansel,https://www.imdb.com/title/tt9086228/,5.3,17162,87.0,"['Fantasy', 'Horror', 'Mystery']",PG-13,64.0,IMDB,Gretel & Hansel (2020) ,"
Country:
Canada
|
USA
|
Ireland
|
South Africa
","
Language:
English
","
Release Date: 31 January 2020 (USA)
    
See more »
    
"
Eltilerin Savasi,https://www.imdb.com/title/tt11542214/,5.7,2176,118.0,"['Comedy', 'Family']",,,IMDB,Eltilerin Savasi (2020) ,"
Country:
Turkey
","
Language:
Turkish
","
Release Date: 31 January 2020 (Turkey)
    
See more »
    
"
Kartoffelsalat 3 - Das Musical,https://www.imdb.com/title/tt11449072/,6.7,2365,92.0,['Musical'],,,IMDB,Kartoffelsalat 3 - Das Musical (2020) ,"
Country:
Germany
","
Language:
German
","
Release Date: 30 January 2020 (Germany)
    
See more »
    
"
Klovn the Final,https://www.imdb.com/title/tt10927554/,6.9,1182,94.0,['Comedy'],Not Rated,,IMDB,Klovn the Final (2020) ,"
Country:
Denmark
","
Language:
Danish
","
Release Date: 30 January 2020 (Denmark)
    
See more »
    
"
I Hate Summer,https://www.imdb.com/title/tt10492998/,6.6,1042,110.0,['Comedy'],Not Rated,,IMDB,I Hate Summer (2020) ,"
Country:
Italy
","
Language:
Italian
","
Release Date: 30 January 2020 (Italy)
    
See more »
    
"
Sergio,https://www.imdb.com/title/tt8750570/,6.1,6891,118.0,"['Biography', 'Drama', 'History']",R,55.0,IMDB,Sergio (2020) ,"
Country:
USA
","
Language:
English
|
Portuguese
|
Spanish
|
French
","
Release Date: 17 April 2020 (USA)
    
See more »
    
"
Lost Girls,https://www.imdb.com/title/tt3111426/,6.1,13818,95.0,"['Drama', 'Mystery', 'Thriller']",R,67.0,IMDB,Lost Girls (2020) ,"
Country:
USA
","
Language:
English
","
Release Date: 13 March 2020 (USA)
    
See more »
    
"
The Last Thing He Wanted,https://www.imdb.com/title/tt7456312/,4.2,11072,115.0,"['Crime', 'Drama', 'Mystery']",R,35.0,IMDB,The Last Thing He Wanted (2020) ,"
Country:
USA
","
Language:
English
|
Spanish
|
French
","
Release Date: 21 February 2020 (USA)
    
See more »
    
"
The Rhythm Section,https://www.imdb.com/title/tt7134096/,5.2,8322,109.0,"['Action', 'Drama', 'Mystery']",R,45.0,IMDB,The Rhythm Section (2020) ,"
Country:
UK
|
USA
|
Spain
","
Language:
English
|
French
","
Release Date: 31 January 2020 (USA)
    
See more »
    
"
Horse Girl,https://www.imdb.com/title/tt11388406/,5.9,12288,103.0,"['Drama', 'Mystery', 'Thriller']",R,61.0,IMDB,Horse Girl (2020) ,"
Country:
USA
","
Language:
English
","
Release Date: 7 February 2020 (USA)
    
See more »
    
"
The Windermere Children,https://www.imdb.com/title/tt10370380/,7.3,1647,88.0,"['Drama', 'War']",Not Rated,,IMDB,The Windermere Children (2020) ,"
Country:
Germany
|
UK
","
Language:
English
","
Release Date: 5 April 2020 (USA)
    
See more »
    
"
Palm Springs,https://www.imdb.com/title/tt9484998/,7.5,32295,90.0,"['Comedy', 'Fantasy', 'Mystery']",R,84.0,IMDB,Palm Springs (2020) ,"
Country:
USA
|
Hong Kong
","
Language:
English
","
Release Date: 10 July 2020 (USA)
    
See more »
    
"
Downhill,https://www.imdb.com/title/tt4558376/,4.8,5245,86.0,"['Comedy', 'Drama']",R,49.0,IMDB,Downhill (2020) ,"
Country:
USA
","
Language:
English
|
German
|
Italian
|
Hindi
","
Release Date: 14 February 2020 (USA)
    
See more »
    
"
Wendy,https://www.imdb.com/title/tt2420124/,5.7,1311,111.0,"['Drama', 'Fantasy']",PG-13,54.0,IMDB,Wendy (2020) ,"
Country:
USA
","
Language:
English
","
Release Date: 17 April 2020 (USA)
    
See more »
    
"
Relic,https://www.imdb.com/title/tt9072352/,5.9,6849,89.0,"['Drama', 'Horror']",R,77.0,IMDB,Relic (2020) ,"
Country:
Australia
|
USA
","
Language:
English
","
Release Date: 10 July 2020 (USA)
    
See more »
    
"
Shirley,https://www.imdb.com/title/tt8430598/,6.2,4036,107.0,"['Biography', 'Drama', 'Thriller']",R,76.0,IMDB,Shirley (2020) ,"
Country:
USA
","
Language:
English
","
Release Date: 5 June 2020 (USA)
    
See more »
    
"
Birds of Prey: And the Fantabulous Emancipation of One Harley Quinn,https://www.imdb.com/title/tt7713068/,6.1,128696,109.0,"['Action', 'Adventure', 'Crime']",R,60.0,IMDB,Birds of Prey: And the Fantabulous Emancipation of One Harley Quinn (2020) ,"
Country:
USA
","
Language:
English
|
Chinese
","
Release Date: 7 February 2020 (USA)
    
See more »
    
"
Timmy Failure: Mistakes Were Made,https://www.imdb.com/title/tt6820324/,6.1,1669,99.0,"['Adventure', 'Comedy', 'Drama']",PG,60.0,IMDB,Timmy Failure: Mistakes Were Made (2020) ,"
Country:
USA
","
Language:
English
","
Release Date: 7 February 2020 (USA)
    
See more »
    
"
Possessor,https://www.imdb.com/title/tt5918982/,6.2,1254,102.0,"['Horror', 'Sci-Fi', 'Thriller']",,69.0,IMDB,Possessor (2020) ,"
Country:
UK
|
Canada
","
Language:
English
","
Release Date: 25 January 2020 (USA)
    
See more »
    
"
Sonic the Hedgehog,https://www.imdb.com/title/tt3794354/,6.6,72104,99.0,"['Action', 'Adventure', 'Comedy']",PG,47.0,IMDB,Sonic the Hedgehog (2020) ,"
Country:
USA
|
Japan
|
Canada
","
Language:
English
|
French
","
Release Date: 14 February 2020 (USA)
    
See more »
    
"
"Te quiero, imbÃ©cil",https://www.imdb.com/title/tt9359344/,5.8,2104,87.0,['Comedy'],,,IMDB,"Te quiero, imbécil (2020) ","
Country:
Spain
","
Language:
Spanish
","
Release Date: 24 January 2020 (Spain)
    
See more »
    
"
Psycho,https://www.imdb.com/title/tt9109976/,6.3,1876,134.0,"['Crime', 'Thriller']",Not Rated,,IMDB,Psycho (2020) ,"
Country:
India
","
Language:
Tamil
","
Release Date: 24 January 2020 (USA)
    
See more »
    
"
Panga,https://www.imdb.com/title/tt8983166/,6.9,3999,131.0,"['Drama', 'Sport']",Not Rated,,IMDB,Panga (2020) ,"
Country:
India
","
Language:
Hindi
","
Release Date: 24 January 2020 (USA)
    
See more »
    
"
Cindy La Regia,https://www.imdb.com/title/tt8200456/,6.0,1009,109.0,['Comedy'],,,IMDB,Cindy La Regia (2020) ,"
Country:
Mexico
","
Language:
Spanish
","
Release Date: 24 January 2020 (Mexico)
    
See more »
    
"
John Henry,https://www.imdb.com/title/tt8170298/,3.5,1477,91.0,"['Drama', 'Thriller']",R,27.0,IMDB,John Henry (2020) ,"
Country:
USA
","
Language:
English
","
Release Date: 24 January 2020 (USA)
    
See more »
    
"
Never Rarely Sometimes Always,https://www.imdb.com/title/tt7772582/,7.3,5536,101.0,['Drama'],PG-13,91.0,IMDB,Never Rarely Sometimes Always (2020) ,"
Country:
UK
|
USA
","
Language:
English
","
Release Date: 3 April 2020 (USA)
    
See more »
    
"
Street Dancer 3D,https://www.imdb.com/title/tt9648672/,3.6,4599,146.0,"['Drama', 'Music']",Not Rated,,IMDB,Street Dancer 3D (2020) ,"
Country:
India
","
Language:
Hindi
","
Release Date: 24 January 2020 (USA)
    
See more »
    
"
The Turning,https://www.imdb.com/title/tt7510346/,3.8,7223,94.0,"['Drama', 'Horror', 'Mystery']",PG-13,35.0,IMDB,The Turning (2020) ,"
Country:
UK
|
Ireland
|
Canada
|
USA
|
India
","
Language:
English
","
Release Date: 24 January 2020 (USA)
    
See more »
    
"
Dwitiyo Purush,https://www.imdb.com/title/tt10778840/,6.0,1228,129.0,"['Drama', 'Mystery', 'Thriller']",,,IMDB,Dwitiyo Purush (2020) ,"
Country:
India
","
Language:
Bengali
","
Release Date: 6 March 2020 (USA)
    
See more »
    
"
Airplane Mode,https://www.imdb.com/title/tt10731748/,5.0,1812,96.0,"['Comedy', 'Drama', 'Romance']",TV-PG,,IMDB,Airplane Mode (2020) ,"
Country:
Brazil
|
Mexico
","
Language:
Portuguese
","
Release Date: 23 January 2020 (Brazil)
    
See more »
    
"
Shylock,https://www.imdb.com/title/tt10644282/,5.8,1657,130.0,"['Action', 'Drama', 'Thriller']",Not Rated,,IMDB,Shylock (2020) ,"
Country:
India
","
Language:
Malayalam
","
Release Date: 24 January 2020 (USA)
    
See more »
    
"
Karakomik Filmler: Deli,https://www.imdb.com/title/tt11416594/,6.5,4194,60.0,"['Comedy', 'Drama']",,,IMDB,Karakomik Filmler: Deli (2020) ,"
Country:
Turkey
","
Language:
Turkish
","
Release Date: 17 January 2020 (Turkey)
    
See more »
    
"
A Fall from Grace,https://www.imdb.com/title/tt11390036/,5.8,9826,115.0,"['Drama', 'Thriller']",,34.0,IMDB,A Fall from Grace (2020) ,"
Country:
USA
","
Language:
English
","
Release Date: 17 January 2020 (USA)
    
See more »
    
"
Karakomik Filmler: Emanet,https://www.imdb.com/title/tt10472102/,5.6,3808,60.0,['Comedy'],,,IMDB,Karakomik Filmler: Emanet (2020) ,"
Country:
Turkey
","
Language:
Turkish
","
Release Date: 17 January 2020 (Turkey)
    
See more »
    
"
Go Karts,https://www.imdb.com/title/tt8116640/,5.9,1776,102.0,"['Family', 'Sport']",,,IMDB,Go Karts (2020) ,"
Country:
Australia
","
Language:
English
","
Release Date: 16 January 2020 (Australia)
    
See more »
    
"
MalasaÃ±a 32,https://www.imdb.com/title/tt10952782/,5.4,1118,104.0,['Horror'],,,IMDB,Malasaña 32 (2020) ,"
Country:
Spain
","
Language:
Spanish
","
Release Date: 17 January 2020 (Spain)
    
See more »
    
"
The Heist of the Century,https://www.imdb.com/title/tt10948718/,7.3,2355,114.0,"['Comedy', 'Crime']",,,IMDB,The Heist of the Century (2020) ,"
Country:
Argentina
","
Language:
Spanish
","
Release Date: 16 January 2020 (Argentina)
    
See more »
    
"
Chhapaak,https://www.imdb.com/title/tt9614460/,5.1,23552,120.0,"['Biography', 'Drama']",Not Rated,,IMDB,Chhapaak (2020) ,"
Country:
India
","
Language:
Hindi
","
Release Date: 10 January 2020 (USA)
    
See more »
    
"
Ala Vaikunthapurramuloo,https://www.imdb.com/title/tt9537292/,7.2,5957,163.0,"['Action', 'Drama']",Not Rated,,IMDB,Ala Vaikunthapurramuloo (2020) ,"
Country:
India
","
Language:
Telugu
|
Malayalam
","
Release Date: 11 January 2020 (USA)
    
See more »
    
"
Sarileru Neekevvaru,https://www.imdb.com/title/tt10773090/,6.1,4458,169.0,"['Action', 'Comedy', 'Drama']",Not Rated,,IMDB,Sarileru Neekevvaru (2020) ,"
Country:
India
","
Language:
Telugu
","
Release Date: 10 January 2020 (USA)
    
See more »
    
"
Anjaam Pathiraa,https://www.imdb.com/title/tt10717738/,8.0,3357,144.0,"['Crime', 'Mystery', 'Thriller']",Not Rated,,IMDB,Anjaam Pathiraa (2020) ,"
Country:
India
","
Language:
Malayalam
","
Release Date: 17 January 2020 (USA)
    
See more »
    
"
Biz BÃ¶yleyiz,https://www.imdb.com/title/tt10441806/,5.6,3700,121.0,"['Comedy', 'Drama', 'Romance']",,,IMDB,Biz Böyleyiz (2020) ,"
Country:
Turkey
", ~data not found~ ,"
Release Date: 10 January 2020 (Turkey)
    
See more »
    
"
My Spy,https://www.imdb.com/title/tt8242084/,6.3,14850,99.0,"['Action', 'Comedy', 'Family']",PG-13,46.0,IMDB,My Spy (2020) ,"
Country:
USA
","
Language:
English
|
French
|
Russian
","
Release Date: 26 June 2020 (USA)
    
See more »
    
"
Tanhaji: The Unsung Warrior,https://www.imdb.com/title/tt8108274/,7.7,19064,135.0,"['Action', 'Biography', 'Drama']",Not Rated,,IMDB,Tanhaji: The Unsung Warrior (2020) ,"
Country:
India
","
Language:
Hindi
","
Release Date: 10 January 2020 (USA)
    
See more »
    
"
Masameer the Movie,https://www.imdb.com/title/tt11561866/,6.0,1590,110.0,['Animation'],,,IMDB,Masameer the Movie (2020) ,"
Country:
Saudi Arabia
","
Language:
Arabic
","
Release Date: 9 January 2020 (Saudi Arabia)
    
See more »
    
"
Darbar,https://www.imdb.com/title/tt9635540/,6.2,4208,159.0,"['Action', 'Thriller']",Not Rated,,IMDB,Darbar (2020) ,"
Country:
India
","
Language:
Tamil
","
Release Date: 8 January 2020 (USA)
    
See more »
    
"
Like a Boss,https://www.imdb.com/title/tt7545266/,4.5,7116,83.0,['Comedy'],R,33.0,IMDB,Like a Boss (2020) ,"
Country:
USA
","
Language:
English
|
Spanish
|
French
|
Russian
","
Release Date: 10 January 2020 (USA)
    
See more »
    
"
Underwater,https://www.imdb.com/title/tt5774060/,5.8,46071,95.0,"['Action', 'Horror', 'Sci-Fi']",PG-13,48.0,IMDB,Underwater (2020) ,"
Country:
USA
","
Language:
English
","
Release Date: 10 January 2020 (USA)
    
See more »
    
"
Bad Boys For Life,https://www.imdb.com/title/tt1502397/,6.7,106774,124.0,"['Action', 'Comedy', 'Crime']",R,59.0,IMDB,Bad Boys For Life (2020) ,"
Country:
USA
|
Mexico
","
Language:
English
|
Spanish
","
Release Date: 17 January 2020 (USA)
    
See more »
    
"
Miss Fisher and the Crypt of Tears,https://www.imdb.com/title/tt9010738/,6.0,2092,101.0,"['Adventure', 'Drama', 'Mystery']",TV-14,,IMDB,Miss Fisher and the Crypt of Tears (2020) ,"
Country:
Australia
","
Language:
English
","
Release Date: 27 February 2020 (Australia)
    
See more »
    
"
Inmate Zero,https://www.imdb.com/title/tt8406660/,5.8,1169,106.0,['Horror'],,,IMDB,Inmate Zero (2020) ,"
Country:
UK
","
Language:
English
","
Release Date: 3 January 2020 (USA)
    
See more »
    
"
Mark of the Devil,https://www.imdb.com/title/tt7263040/,3.2,1576,82.0,['Horror'],TV-14,,IMDB,Mark of the Devil (2020) ,"
Country:
Mexico
","
Language:
Spanish
","
Release Date: 3 January 2020 (Mexico)
    
See more »
    
"
Disturbing the Peace,https://www.imdb.com/title/tt5717194/,3.1,1182,91.0,"['Action', 'Adventure', 'Thriller']",R,34.0,IMDB,Disturbing the Peace (2020) ,"
Country:
USA
","
Language:
English
","
Release Date: 17 January 2020 (USA)
    
See more »
    
"
18 Presents,https://www.imdb.com/title/tt10816484/,6.7,2213,115.0,['Drama'],,,IMDB,18 Presents (2020) ,"
Country:
Italy
","
Language:
Italian
","
Release Date: 8 May 2020 (USA)
    
See more »
    
"
Invasion,https://www.imdb.com/title/tt8060328/,5.6,2105,134.0,"['Action', 'Sci-Fi']",Not Rated,,IMDB,Invasion (2020) ,"
Country:
Russia
","
Language:
Russian
|
English
","
Release Date: 9 February 2020 (USA)
    
See more »
    
"
Dolittle,https://www.imdb.com/title/tt6673612/,5.6,37967,101.0,"['Adventure', 'Comedy', 'Family']",PG,26.0,IMDB,Dolittle (2020) ,"
Country:
USA
|
China
|
UK
|
Japan
","
Language:
English
|
French
","
Release Date: 17 January 2020 (USA)
    
See more »
    
"
The Grudge,https://www.imdb.com/title/tt3612126/,4.2,16533,94.0,"['Horror', 'Mystery']",R,41.0,IMDB,The Grudge (2020) ,"
Country:
USA
|
Canada
","
Language:
English
","
Release Date: 3 January 2020 (USA)
    
See more »
    
"
Tolo Tolo,https://www.imdb.com/title/tt10413566/,6.0,1840,90.0,"['Comedy', 'Family']",,,IMDB,Tolo Tolo (2020) ,"
Country:
Italy
","
Language:
Italian
","
Release Date: 1 January 2020 (Italy)
    
See more »
    
"
Ghost Stories,https://www.imdb.com/title/tt10230404/,4.3,3941,144.0,"['Horror', 'Thriller']",,,IMDB,Ghost Stories (2020) ,"
Country:
India
","
Language:
Hindi
","
Release Date: 1 January 2020 (USA)
    
See more »
    
"
