Title_(RT),RT_critic,RT_critic_votes,RT_audience,RT_audience_votes
Black Is King,100%,42,94%,"2,704"
Raat Akeli Hai,N/A,N/A,N/A,N/A
Shakuntala Devi,100%,5,67%,6
Lootcase,N/A,N/A,N/A,N/A
Yaara (no page found),N/A,N/A,N/A,N/A
Deep Blue Sea 3,71%,7,45%,31
The Kissing Booth 2,28%,32,43%,522
Dil Bechara,82%,11,N/A,N/A
Offering to the Storm (Ofrenda a la Tormenta),N/A,N/A,60%,5
4 Dead Girls: The Soul Taker,N/A,N/A,20%,23
The Silencing,N/A,N/A,N/A,N/A
Ghosts of War,36%,36,51%,39
Virgin Bhanupriya (no page found),N/A,N/A,N/A,N/A
Fatal Affair,N/A,N/A,N/A,N/A
Unhinged,N/A,N/A,25%,636
Train to Busan Presents: Peninsula,N/A,N/A,N/A,N/A
The Old Guard,81%,230,71%,"2,544"
Archive,74%,23,N/A,N/A
Greyhound,79%,195,76%,"1,087"
Commander Hamilton,N/A,N/A,40%,62
The Desperados,N/A,N/A,33%,174
The F**k-It List,0%,5,22%,36
Under the Riccione Sun,N/A,N/A,N/A,N/A
Force of Nature,N/A,N/A,N/A,N/A
Irresistible,20%,10,32%,"2,728"
Eurovision Song Contest: The Story of Fire Saga,64%,163,79%,"2,372"
The Outpost,N/A,N/A,N/A,N/A
Bulbbul,81%,16,86%,7
Chaman Bahaar (no page found),N/A,N/A,N/A,N/A
Penguin,N/A,N/A,N/A,N/A
Feel the Beat,46%,13,57%,98
Lost Bullet (Bala Perdida),N/A,N/A,N/A,N/A
You Should Have Left,41%,106,24%,233
A Whisker Away (Nakitai Watashi wa Neko wo Kaburu),92%,13,83%,76
Da 5 Bloods,92%,267,53%,"1,641"
The King of Staten Island,73%,258,86%,"1,471"
Infamous,73%,154,69%,"20,725"
Artemis Fowl,9%,159,20%,"2,108"
Gulabo Sitabo,73%,15,58%,40
Chintu Ka Birthday,N/A,N/A,N/A,N/A
The Last Days of American Crime,0%,42,24%,381
Ga-si (Choked),N/A,N/A,N/A,N/A
Chaman Bahaar (no page found),N/A,N/A,N/A,N/A
Dating Amber,95%,19,88%,67
The High Note,69%,163,75%,228
Gabriel's Inferno (no page found),N/A,N/A,N/A,N/A
Ponmagal Vandhal,N/A,N/A,N/A,N/A
The Dinner Party,N/A,N/A,12%,36
Gabriel's Inferno (no page found),N/A,N/A,N/A,N/A
The Lovebirds,N/A,N/A,N/A,N/A
Louisa May Alcott's 'The Inheritance',N/A,N/A,76%,892
Ghoomketu,N/A,N/A,N/A,N/A
Survive the Night,N/A,N/A,N/A,N/A
Last Moment of Clarity,N/A,N/A,N/A,N/A
Proximity,N/A,N/A,16%,101
Scoob! (no page found),N/A,N/A,N/A,N/A
The Wrong Missy,34%,56,52%,923
Capone,N/A,N/A,N/A,N/A
Choke,55%,142,52%,"35,005"
Valley Girl,55%,49,90%,294
Arkansas,47%,62,N/A,N/A
The Half of It,97%,89,80%,689
All Day and a Night,56%,34,63%,97
Mrs. Serial Killer,17%,12,56%,50
Rich in Love,N/A,N/A,N/A,N/A
Scoob! (no page found),N/A,N/A,N/A,N/A
Extraction,N/A,N/A,27%,89
The Willoughbys,90%,63,64%,436
Nathan's Kingdom,N/A,N/A,85%,14
Rising High (Betonrausch),33%,9,50%,14
Bad Trip,N/A,N/A,N/A,N/A
Scoob! (no page found),N/A,N/A,N/A,N/A
Earth And Blood (La terre et le sang),N/A,N/A,19%,21
Sputnik,N/A,N/A,N/A,N/A
Nobody Knows I'm Here (Nadie Sabe que estoy Aquí),80%,15,74%,92
Light from the Tower (no page found),N/A,N/A,N/A,N/A
Mortal Kombat Legends: Scorpion's Revenge,89%,18,85%,269
Tigertail,80%,75,68%,123
Love Wedding Repeat,32%,66,36%,321
Bamfaad,N/A,N/A,N/A,N/A
Light from the Tower (no page found),N/A,N/A,N/A,N/A
Axcellerator,N/A,N/A,N/A,N/A
Coffee & Kareem,20%,69,N/A,N/A
Shooting Heroin,44%,9,95%,154
At Sachem Farm (Uncorked) (Trade Winds) (Higher Love),N/A,N/A,88%,585
Body Cam,39%,23,45%,40
Light from the Tower (no page found),N/A,N/A,N/A,N/A
Light from the Tower (no page found),N/A,N/A,N/A,N/A
Nobody Sleeps in the Woods Tonight (no page found),N/A,N/A,N/A,N/A
Altered Carbon: Resleeved,60%,5,50%,84
Stargirl,71%,38,62%,64
The Postcard Killings,24%,21,N/A,N/A
Trolls World Tour,70%,146,60%,945
I Still Believe,50%,44,98%,"1,843"
Angrezi Medium (no page found),N/A,N/A,N/A,N/A
Angrezi Medium (no page found),N/A,N/A,N/A,N/A
Ultras,60%,5,36%,36
Angrezi Medium (no page found),N/A,N/A,N/A,N/A
Spenser Confidential,36%,80,54%,"1,047"
Baaghi 3,0%,11,67%,76
Angrezi Medium (no page found),N/A,N/A,N/A,N/A
Kappela (no page found),N/A,N/A,N/A,N/A
The Guilty,40%,5,42%,368
The Hater (Hejter),67%,12,79%,29
The Way Back,74%,137,72%,"33,795"
Die KÃÂÃÂ¤nguru-Chroniken (no page found),N/A,N/A,N/A,N/A
Bloodshot (In a Heartbeat),N/A,N/A,N/A,N/A
The Trip to Greece,87%,110,57%,53
Escape from Pretoria,69%,39,N/A,N/A
Kannum Kannum Kollaiyadithaal (no page found),N/A,N/A,N/A,N/A
All the Bright Places,66%,38,60%,240
Draupathi (no page found),N/A,N/A,N/A,N/A
Hit!,N/A,N/A,40%,24
Doordarshan (no page found),N/A,N/A,N/A,N/A
Thappad,93%,14,71%,91
Forensic,N/A,N/A,N/A,N/A
The Decline (Jusqu'au déclin),89%,9,67%,129
Favolacce,N/A,N/A,N/A,N/A
Doordarshan (no page found),N/A,N/A,N/A,N/A
Time to Hunt,64%,14,70%,23
Impractical Jokers: The Movie,35%,26,76%,"2,273"
Onward,88%,318,95%,"8,600"
Bheeshma,N/A,N/A,89%,229
Miami Bici (no page found),N/A,N/A,N/A,N/A
Mafia: Chapter 1 (no page found),N/A,N/A,N/A,N/A
Bhoot: Part One - The Haunted Ship (no page found),N/A,N/A,N/A,N/A
Shubh Mangal Zyada Saavdhan,92%,13,73%,195
The Fan (Der Fan),N/A,N/A,N/A,N/A
Bayi Toplantisi (no page found),N/A,N/A,N/A,N/A
Brahms: The Boy II,9%,55,44%,"1,304"
The Night Clerk (Avant L'aube),N/A,N/A,50%,75
Bayi Toplantisi (no page found),N/A,N/A,N/A,N/A
Isi & Ossi,N/A,N/A,76%,50
The Photograph,N/A,N/A,61%,87
Spy Intervention,33%,6,50%,18
Sufna,N/A,N/A,86%,43
Oh My Kadavule (no page found),N/A,N/A,N/A,N/A
Zenek,N/A,N/A,N/A,N/A
Emma,N/A,N/A,N/A,N/A
World Famous Lover,N/A,N/A,N/A,N/A
To All the Boys: P.S. I Still Love You,75%,71,40%,457
Love Aaj Kal,N/A,N/A,59%,"3,690"
Fantasy Island,N/A,N/A,83%,18
Malang,44%,9,80%,59
Ayyappanum Koshiyum (no page found),N/A,N/A,N/A,N/A
Dia (no page found),N/A,N/A,N/A,N/A
Shikara,50%,10,N/A,N/A
Dia (no page found),N/A,N/A,N/A,N/A
Varane Avashyamund,N/A,N/A,69%,13
Cupid,N/A,N/A,20%,38
Adú,80%,5,82%,28
Jawaani Jaaneman,69%,13,53%,15
Love Mocktail (no page found),N/A,N/A,N/A,N/A
Gretel & Hansel,65%,96,23%,"2,276"
Eltilerin Savasi (no page found),N/A,N/A,N/A,N/A
Kartoffelsalat 3 - Das Musical (no page found),N/A,N/A,N/A,N/A
Klovn the Final (no page found),N/A,N/A,N/A,N/A
I Hate Summer (no page found),N/A,N/A,N/A,N/A
I Hate Summer (no page found),N/A,N/A,N/A,N/A
Lost Girls,N/A,N/A,N/A,N/A
The Last Thing He Wanted,5%,55,N/A,N/A
The Rhythm Section,28%,169,44%,"1,134"
Horse Girl,71%,55,47%,399
The Windermere Children,100%,10,N/A,N/A
I Hate Summer (no page found),N/A,N/A,N/A,N/A
Downhill,89%,9,57%,69
Wendy,37%,95,75%,16
The Relic,34%,32,34%,"26,750"
I Hate Summer (no page found),N/A,N/A,N/A,N/A
Birds of Prey (And the Fantabulous Emancipation of One Harley Quinn),78%,404,78%,"15,708"
Timmy Failure: Mistakes Were Made,86%,28,66%,121
Possessor,93%,28,N/A,N/A
I Hate Summer (no page found),N/A,N/A,N/A,N/A
"Te quiero, imbÃÂÃÂ©cil (no page found)",N/A,N/A,N/A,N/A
Psycho,96%,99,95%,"240,040"
"Te quiero, imbÃÂÃÂ©cil (no page found)",N/A,N/A,N/A,N/A
Cindy La Regia (no page found),N/A,N/A,N/A,N/A
Cindy La Regia (no page found),N/A,N/A,N/A,N/A
Never Rarely Sometimes Always,99%,183,72%,177
Street Dancer 3D (no page found),N/A,N/A,N/A,N/A
The Turning,86%,28,54%,"2,586"
Dwitiyo Purush,N/A,N/A,N/A,N/A
Street Dancer 3D (no page found),N/A,N/A,N/A,N/A
Shylock,N/A,N/A,N/A,N/A
Karakomik Filmler: Deli (no page found),N/A,N/A,N/A,N/A
A Fall From Grace,20%,5,N/A,N/A
Karakomik Filmler: Emanet (no page found),N/A,N/A,N/A,N/A
Go Karts (Go!),78%,9,67%,48
MalasaÃÂÃÂ±a 32 (no page found),N/A,N/A,N/A,N/A
The Heist of the Century (El robo del siglo),N/A,N/A,N/A,N/A
Chhapaak,88%,17,85%,93
Ala Vaikunthapurramuloo,N/A,N/A,N/A,N/A
Sarileru Neekevvaru,N/A,N/A,64%,530
Anjaam Pathiraa (no page found),N/A,N/A,N/A,N/A
Biz BÃÂÃÂ¶yleyiz (no page found),N/A,N/A,N/A,N/A
My Spy,47%,116,65%,522
Tanhaji: The Unsung Warrior,73%,11,89%,724
Biz BÃÂÃÂ¶yleyiz (no page found),N/A,N/A,N/A,N/A
Darbar,57%,7,N/A,N/A
Like a Boss,21%,146,65%,"3,422"
Underwater!,N/A,N/A,15%,28
Bad Boys for Life,77%,257,96%,"42,946"
Miss Fisher and the Crypt of Tears,65%,20,N/A,N/A
Inmate Zero,N/A,N/A,38%,13
Mark of the Devil,33%,6,46%,"1,791"
Lao ma ti hua (Disturbing the Peace),N/A,N/A,N/A,N/A
18 Presents (18 Regali),60%,5,N/A,N/A
The Invasion,19%,163,40%,"236,126"
Dolittle,14%,226,76%,"11,522"
The Grudge,40%,162,46%,"458,680"
Tolo Tolo (no page found),N/A,N/A,N/A,N/A
Tolo Tolo (no page found),N/A,N/A,N/A,N/A
The Invasion,19%,163,40%,"236,126"
Dolittle,14%,226,76%,"11,522"
The Grudge,40%,162,46%,"458,680"
Tolo Tolo (no page found),N/A,N/A,N/A,N/A
Tolo Tolo (no page found),N/A,N/A,N/A,N/A
Good Newwz,75%,16,67%,27
Avane Srimannarayana (no page found),N/A,N/A,N/A,N/A
5Gang (no page found),N/A,N/A,N/A,N/A
Sillu Karuppatti (no page found),N/A,N/A,N/A,N/A
The App,N/A,N/A,0%,22
My Mom is a Character 3 (no page found),N/A,N/A,N/A,N/A
Tunnelen (no page found),N/A,N/A,N/A,N/A
Miracle in Cell No. 7,N/A,N/A,89%,706
Mathu Vadalara,N/A,N/A,100%,5
Como CaÃÂÃÂ­do Del Cielo (no page found),N/A,N/A,N/A,N/A
Driving Licence (no page found),N/A,N/A,N/A,N/A
Dabangg 3,20%,15,46%,356
Togo,N/A,N/A,N/A,N/A
Prathi Poovankozhi (no page found),N/A,N/A,N/A,N/A
My Hero Academia: Heroes Rising,90%,31,98%,"4,818"
Thambi,N/A,N/A,57%,66
Pinocchio,N/A,N/A,N/A,N/A
Ip Man 4: The Finale,90%,30,95%,826
Ashfall,67%,9,74%,19
Eftyhia (no page found),N/A,N/A,N/A,N/A
La Dea Fortuna,N/A,N/A,N/A,N/A
Hero,95%,208,87%,"249,406"
Cats,N/A,N/A,N/A,N/A
Star Wars: The Rise of Skywalker,51%,494,86%,"98,236"
GÃÂÃÂ¼zelligin Portresi (no page found),N/A,N/A,N/A,N/A
After She Wakes,N/A,N/A,N/A,N/A
GÃÂÃÂ¼zelligin Portresi (no page found),N/A,N/A,N/A,N/A
Bombshell,N/A,N/A,0%,18
Mardaani 2,50%,14,82%,11
Mamangam,N/A,N/A,50%,6
Saving ZoÃÂÃÂ« (no page found),N/A,N/A,N/A,N/A
Jak zostalem gangsterem. Historia prawdziwa (no page found),N/A,N/A,N/A,N/A
Jak zostalem gangsterem. Historia prawdziwa (no page found),N/A,N/A,N/A,N/A
6 Underground,36%,90,60%,"4,003"
Jak zostalem gangsterem. Historia prawdziwa (no page found),N/A,N/A,N/A,N/A
Little Women,N/A,N/A,N/A,N/A
Pati Patni aur Woh,N/A,N/A,50%,66
Trauma Center,N/A,N/A,7%,110
Panipat,43%,14,65%,54
Dropa,N/A,N/A,N/A,N/A
A Christmas Prince: The Royal Baby,33%,9,31%,77
Jak zostalem gangsterem. Historia prawdziwa (no page found),N/A,N/A,N/A,N/A
Jumanji: The Next Level,72%,238,87%,"35,743"
Spies in Disguise,75%,118,92%,"8,316"
The Gentlemen,75%,256,84%,"9,633"
Damayanthi (no page found),N/A,N/A,N/A,N/A
Commando 3,N/A,N/A,60%,5
Yeh Saali Aashiqui (no page found),N/A,N/A,N/A,N/A
Holiday Rush,N/A,N/A,50%,30
Enai Noki Paayum Thota,N/A,N/A,47%,15
Kholop (no page found),N/A,N/A,N/A,N/A
Les traducteurs (no page found),N/A,N/A,N/A,N/A
Cep HerkÃÂÃÂ¼lÃÂÃÂ¼: Naim SÃÂÃÂ¼leymanoglu (no page found),N/A,N/A,N/A,N/A
Pagalpanti,0%,10,N/A,N/A
3022,N/A,N/A,67%,162
Blue Story,91%,34,69%,70
The Courier,82%,17,N/A,N/A
Kettiyollaanu Ente Maalakha (no page found),N/A,N/A,N/A,N/A
The Knight Before Christmas,70%,20,43%,218
Richard Jewell,77%,281,96%,"6,115"
Koma (no page found),N/A,N/A,N/A,N/A
Penoza: The Final Chapter (no page found),N/A,N/A,N/A,N/A
Marjaavaan,8%,13,N/A,N/A
Motichoor Chaknachoor (no page found),N/A,N/A,N/A,N/A
The Silence of the Marsh (no page found),N/A,N/A,N/A,N/A
Grand Isle,N/A,N/A,22%,44
The Turkey Bowl,N/A,N/A,96%,267
Radioflash,0%,11,51%,37
Line of Duty,N/A,N/A,N/A,N/A
The Silence of the Marsh (no page found),N/A,N/A,N/A,N/A
Helen,44%,9,49%,526
Queen & Slim,82%,209,92%,"12,702"
Dark Waters,N/A,N/A,56%,"8,674"
Lady and the Tramp,93%,41,80%,"861,226"
Charlie's Angels,68%,145,45%,"729,162"
Android Kunjappan Ver 5.25 (no page found),N/A,N/A,N/A,N/A
Dveselu putenis (no page found),N/A,N/A,N/A,N/A
The Good Liar,63%,160,85%,"3,837"
Noëlle,57%,7,55%,521
Klaus,94%,67,97%,"1,982"
Let It Snow,53%,17,63%,"1,121"
Dveselu putenis (no page found),N/A,N/A,N/A,N/A
Playing with Fire,N/A,N/A,50%,87
Last Christmas,N/A,N/A,N/A,N/A
Recep Ivedik 6 (no page found),N/A,N/A,N/A,N/A
Frozen II,77%,320,92%,"48,800"
Primal,41%,37,25%,63
Holiday in the Wild,38%,8,48%,187
Drive,N/A,N/A,68%,"5,072"
Arctic Dogs,13%,16,60%,533
Ujda Chaman,14%,7,75%,20
Badland,50%,8,47%,92
Drakulics elvtÃÂÃÂ¡rs (no page found),N/A,N/A,N/A,N/A
L'uomo del labirinto (no page found),N/A,N/A,N/A,N/A
Doctor Sleep,77%,316,89%,"7,882"
The Nomads (no page found),N/A,N/A,N/A,N/A
Cinayet SÃÂÃÂ¼sÃÂÃÂ¼ (no page found),N/A,N/A,N/A,N/A
Cinayet SÃÂÃÂ¼sÃÂÃÂ¼ (no page found),N/A,N/A,N/A,N/A
Made in China,N/A,N/A,N/A,N/A
Twin Murders: The Silence of the White City (El silencio de la ciudad blanca),40%,5,17%,24
Housefull 4,33%,6,61%,257
The Funhouse,67%,18,38%,"7,302"
Cinayet SÃÂÃÂ¼sÃÂÃÂ¼ (no page found),N/A,N/A,N/A,N/A
Kaithi,N/A,N/A,79%,19
Bigil,N/A,N/A,58%,24
Rattlesnake,28%,18,13%,105
Midway,47%,15,72%,"7,173"
Countdown,N/A,N/A,N/A,N/A
Torpedo (no page found),N/A,N/A,N/A,N/A
The Mandela Effect,20%,5,65%,57
Terminator: Dark Fate,70%,329,82%,"13,004"
Kim Ji-Young: Born 1982,N/A,N/A,N/A,N/A
Das perfekte Geheimnis (no page found),N/A,N/A,N/A,N/A
The Last Full Measure,60%,70,96%,"1,106"
Laal Kaptaan,11%,9,N/A,N/A
Kill Chain,N/A,N/A,24%,21
Karakomik Filmler: 2 Arada (no page found),N/A,N/A,N/A,N/A
Karakomik Filmler: 2 Arada (no page found),N/A,N/A,N/A,N/A
Safe,86%,57,75%,"6,483"
Impetigore (Perempuan Tanah Jahanam),94%,34,N/A,N/A
Karakomik Filmler: KaÃÂÃÂ§amak (no page found),N/A,N/A,N/A,N/A
Saand Ki Aankh,56%,16,91%,32
The Jesus Rolls,22%,41,N/A,N/A
Maleficent: Mistress of Evil,40%,251,95%,"19,127"
Jay & Silent Bob Reboot,66%,38,93%,559
The Man without Gravity (L'uomo senza gravità),N/A,N/A,76%,74
The Village In The Woods,N/A,N/A,N/A,N/A
Mermaid Down,N/A,N/A,83%,130
Street Flow (Banlieusards),N/A,N/A,N/A,N/A
El Camino: A Breaking Bad Movie,91%,124,81%,"4,673"
Ai-naki mori de sakebe (no page found),N/A,N/A,N/A,N/A
Jexi,17%,30,71%,"1,336"
Valhalla,N/A,N/A,N/A,N/A
Earthquake Bird,50%,40,54%,190
The Rising Hawk (no page found),N/A,N/A,N/A,N/A
The Legacy of the Bones (no page found),N/A,N/A,N/A,N/A
The Addams Family,44%,154,69%,"10,314"
Yedinci Kogustaki Mucize (no page found),N/A,N/A,N/A,N/A
Zombieland: Double Tap,68%,241,88%,"11,198"
Trickfilme,78%,23,83%,"6,544"
Advantages of Travelling by Train (Ventajas de viajar en tren),100%,6,N/A,N/A
Wonder Woman: Bloodlines,88%,8,50%,111
Semper Fi,N/A,N/A,80%,134
Code 8,79%,19,63%,577
Asuran (no page found),N/A,N/A,N/A,N/A
Axone,N/A,N/A,N/A,N/A
War (Rogue Assassin),14%,59,51%,"293,190"
Gumnaami (no page found),N/A,N/A,N/A,N/A
Doom: Annihilation,50%,6,15%,279
Art of the Dead,N/A,N/A,N/A,N/A
Jhalki (no page found),N/A,N/A,N/A,N/A
Seventeen,N/A,N/A,100%,53
10 Minutes Gone,0%,7,18%,82
Little Baby (no page found),N/A,N/A,N/A,N/A
Sye Raa Narasimha Reddy,57%,7,87%,52
The Irishman,96%,434,86%,"1,057"
A Shaun the Sheep Movie: Farmageddon,96%,73,80%,235
Geroy (no page found),N/A,N/A,N/A,N/A
21 Bridges,53%,129,91%,"7,241"
The Dawn (Dawn Over Ireland),N/A,N/A,N/A,N/A
Geroy (no page found),N/A,N/A,N/A,N/A
Inside Man: Most Wanted,N/A,N/A,38%,48
"My People, My Country",N/A,N/A,67%,24
The Endless Trench (La trinchera infinita),93%,14,85%,27
Fractured,59%,29,50%,514
VFW,81%,53,63%,121
In the Shadow of the Moon,95%,113,91%,"6,162"
Geroy (no page found),N/A,N/A,N/A,N/A
The Captain (Der Kapitan),N/A,N/A,N/A,N/A
Between Two Ferns: The Movie,74%,58,43%,312
Geroy (no page found),N/A,N/A,N/A,N/A
Prassthanam,29%,7,50%,6
Kaappaan,N/A,N/A,12%,8
The Zoya Factor,42%,12,62%,16
In the Tall Grass,N/A,N/A,N/A,N/A
Fanxiao (no page found),N/A,N/A,N/A,N/A
Single Slipper Size - 7 (no page found),N/A,N/A,N/A,N/A
Annem (no page found),N/A,N/A,N/A,N/A
The Wedding Year,44%,9,51%,51
Hell House LLC III: Lake of Fire,14%,7,N/A,N/A
The Cleansing Hour,100%,7,N/A,N/A
Lucky Day,N/A,N/A,N/A,N/A
The Coldest Game,0%,5,49%,96
Rambo: Last Blood,27%,168,82%,"8,119"
Tekst (no page found),N/A,N/A,N/A,N/A
3 from Hell,56%,36,59%,681
Blood Machines,78%,18,67%,33
The Beach House,N/A,N/A,62%,12
Tall Girl,44%,9,N/A,N/A
Dream Girl,N/A,N/A,N/A,N/A
Section 375,64%,11,100%,18
Tekst (no page found),N/A,N/A,N/A,N/A
Gang Leader,N/A,N/A,N/A,N/A
American Son,100%,13,52%,598
Pailwaan (no page found),N/A,N/A,N/A,N/A
Downton Abbey,84%,247,94%,"20,269"
Pailwaan (no page found),N/A,N/A,N/A,N/A
True History of the Kelly Gang,79%,153,39%,143
Lucy in the Sky,21%,123,31%,75
Human Capital,81%,67,77%,"3,250"
Harriet,74%,216,97%,"12,138"
Ride Like a Girl,66%,35,79%,33
Guns Akimbo,53%,66,40%,5
Ordinary Love,93%,98,69%,26
"Endings, Beginnings",41%,64,N/A,N/A
Bad Education,88%,145,86%,"46,221"
The Shadow of Violence,94%,63,N/A,N/A
The Goldfinch,24%,216,72%,"1,404"
Jojo Rabbit,80%,407,94%,"6,537"
The Song of Names,39%,54,90%,71
Greed,N/A,N/A,N/A,N/A
Knives Out,97%,445,92%,"33,829"
Dolemite Is My Name,97%,223,91%,113
The Wolf,N/A,N/A,N/A,N/A
Proxima,N/A,N/A,N/A,N/A
Zana,100%,7,N/A,N/A
Abominable,81%,163,95%,"7,928"
Hustlers,13%,16,36%,"1,480"
Color Out of Space,86%,187,82%,94
A Beautiful Day in the Neighborhood,95%,350,92%,"11,257"
"Live Twice, Love Once (Vivir dos veces)",50%,8,74%,35
Military Wives,76%,112,53%,32
Jallikattu,94%,18,N/A,N/A
Eternal Code,N/A,N/A,N/A,N/A
The Platform (El Hoyo),81%,86,71%,"1,303"
While at War (Mientras Dure La Guerra),62%,21,N/A,N/A
The Other Lamb,73%,90,37%,52
Radioactive,61%,119,48%,66
Just Mercy,84%,282,99%,"11,818"
Yang guang pu zhao (no page found),N/A,N/A,N/A,N/A
Fleabag (no page found),N/A,N/A,N/A,N/A
Chhichhore,58%,12,91%,278
The Sky Is Pink,71%,21,91%,80
Blood Quantum,90%,87,48%,44
Love Action Drama (no page found),N/A,N/A,N/A,N/A
The Personal History of David Copperfield,94%,94,N/A,N/A
En rade (Sea Fever),N/A,N/A,N/A,N/A
K-12,N/A,N/A,90%,71
Magamuni (no page found),N/A,N/A,N/A,N/A
Babyteeth,92%,101,84%,55
Om det oÃÂÃÂ¤ndliga (no page found),N/A,N/A,N/A,N/A
The Painted Bird,81%,81,64%,11
Corpus Christi,N/A,N/A,N/A,N/A
The King,77%,96,54%,307
Martin Eden,81%,27,N/A,N/A
Wasp Network,41%,68,38%,153
The Laundromat,41%,165,41%,862
Ema,91%,78,N/A,N/A
The Two Popes (no page found),N/A,N/A,N/A,N/A
Adults in the Room,50%,10,N/A,N/A
Joker,N/A,N/A,33%,30
First Cow,95%,128,56%,36
The Assistant,N/A,N/A,N/A,N/A
Waves,N/A,N/A,N/A,N/A
Clownado,N/A,N/A,91%,129
438 dagar (no page found),N/A,N/A,N/A,N/A
Eye for an Eye (Quien a hierro mata),88%,8,59%,49
Spider in the Web,75%,8,42%,24
Fanatic,N/A,N/A,39%,263
438 dagar (no page found),N/A,N/A,N/A,N/A
Saaho,8%,12,55%,577
The Aeronauts,72%,181,95%,39
Uncut Gems,92%,329,52%,"12,111"
Tabernacle 101,N/A,N/A,98%,438
An Officer and a Spy (J'accuse),77%,31,81%,88
Ford v Ferrari,92%,332,98%,"24,145"
438 dagar (no page found),N/A,N/A,N/A,N/A
Seberg,34%,128,54%,230
Motherless Brooklyn,62%,210,80%,"2,590"
Falling Inn Love,65%,20,33%,223
"Ser du mÃÂÃÂ¥nen, Daniel (no page found)",N/A,N/A,N/A,N/A
Gundala,100%,5,69%,13
"Ser du mÃÂÃÂ¥nen, Daniel (no page found)",N/A,N/A,N/A,N/A
Ad Astra,84%,371,40%,"10,262"
The Truth,N/A,N/A,13%,388
Yuyeolui eumagaelbeom (no page found),N/A,N/A,N/A,N/A
Black Ops,N/A,N/A,N/A,N/A
It Chapter Two,63%,361,78%,"30,948"
Rabid,73%,26,46%,"7,231"
Dark Light,N/A,N/A,18%,38
NiNoKuni (no page found),N/A,N/A,N/A,N/A
The Huntress: Rune Of The Dead,N/A,N/A,N/A,N/A
Dark Encounter (Transience),67%,6,N/A,N/A
Burn!,86%,14,81%,"1,590"
NiNoKuni (no page found),N/A,N/A,N/A,N/A
To Your Last Death,70%,10,93%,15
Jacob's Ladder,72%,65,84%,"53,038"
Overcomer,50%,16,98%,"7,217"
Abigail,N/A,N/A,47%,19
"Someone, Somewhere (Deux moi)",100%,8,74%,23
Angel Has Fallen,39%,182,93%,"14,667"
VariaÃÂÃÂ§ÃÂÃÂµes: Guardian Angel (no page found),N/A,N/A,N/A,N/A
Sextuplets,14%,14,38%,45
Can You Keep a Secret?,29%,17,39%,173
Journey to China: The Mystery of Iron Mask,20%,20,N/A,N/A
"Where'd You Go, Bernadette",50%,183,74%,"1,530"
Mission Mangal,60%,15,95%,441
Batla House,42%,12,88%,72
47 Meters Down: Uncaged,44%,88,68%,"2,475"
Evaru,N/A,N/A,N/A,N/A
Heroic Losers (La odisea de los giles),100%,17,88%,69
L'Empreinte de l'ange (Mark of an Angel),86%,22,53%,"1,297"
Comali (no page found),N/A,N/A,N/A,N/A
Instinct,27%,66,67%,"31,122"
Annabellum: The Curse of Salem,N/A,N/A,54%,231
Exit 0,N/A,N/A,N/A,N/A
Comali (no page found),N/A,N/A,N/A,N/A
Jabariya Jodi,0%,12,N/A,N/A
Ambili,N/A,N/A,N/A,N/A
7500,70%,143,55%,286
The Kitchen,23%,223,69%,"2,978"
Welad Rizk 2 (no page found),N/A,N/A,N/A,N/A
Nerkonda Paarvai,N/A,N/A,88%,86
The Haunt,N/A,N/A,N/A,N/A
Scary Stories to Tell in the Dark,78%,226,72%,"8,242"
The Art of Racing in the Rain,43%,117,96%,"6,272"
Shanghai Fortress,N/A,N/A,30%,10
The Reliant,N/A,N/A,25%,72
Dora and the Lost City of Gold,85%,149,88%,"6,716"
The Angry Birds Movie 2,73%,109,84%,"4,023"
Madness in the Method,33%,9,60%,47
Welad Rizk 2 (no page found),N/A,N/A,N/A,N/A
A Score to Settle,15%,20,20%,74
Khandaani Shafakhana,9%,11,62%,8
Violet Evergarden: Eternity and the Auto Memories Doll (no page found),N/A,N/A,N/A,N/A
Dragon Quest: Your Story,N/A,N/A,78%,83
One Piece: Stampede,93%,14,99%,776
Padre no hay mÃÂÃÂ¡s que uno (no page found),N/A,N/A,N/A,N/A
Awake,24%,62,54%,"237,784"
Killerman,26%,19,63%,68
Exit (Hui guang zoumingqu),100%,7,N/A,N/A
The Divine Fury,44%,18,90%,20
Ghost,N/A,N/A,53%,59
Operation Brothers (no page found),N/A,N/A,N/A,N/A
Dear Comrade,N/A,N/A,N/A,N/A
Horrible Histories: The Movie - Rotten Romans (no page found),N/A,N/A,N/A,N/A
A Rainy Day in New York,46%,56,60%,265
Thanneermathan Dinangal (no page found),N/A,N/A,N/A,N/A
Judgementall Hai Kya,67%,15,61%,18
Red Shoes and the Seven Dwarfs,N/A,N/A,81%,21
The Blue Elephant 2 (no page found),N/A,N/A,N/A,N/A
False Witness (no page found),N/A,N/A,N/A,N/A
A Good Woman Is Hard to Find,92%,49,69%,52
Otherhood,23%,26,54%,190
The Wretched,67%,9,29%,22
Prey,N/A,N/A,N/A,N/A
Ardaas Karaan,N/A,N/A,N/A,N/A
Secret Obsession,N/A,N/A,N/A,N/A
Kadaram Kondan (no page found),N/A,N/A,N/A,N/A
Aame (no page found),N/A,N/A,N/A,N/A
1BR,87%,60,N/A,N/A
The Banana Splits,71%,17,52%,167
iSmart Shankar,N/A,N/A,61%,33
Cosmos,N/A,N/A,79%,388
Never Grow Old,90%,21,64%,118
General (no page found),N/A,N/A,N/A,N/A
Fast & Furious Presents: Hobbs & Shaw,67%,337,88%,"27,689"
I'm No Longer Here (Ya no estoy aquí),100%,30,96%,45
General (no page found),N/A,N/A,N/A,N/A
Point Blank,91%,79,77%,"5,056"
Sivappu Manjal Pachai,N/A,N/A,N/A,N/A
Ne Zha,N/A,N/A,N/A,N/A
Crawl,63%,8,20%,180
The Lion King,93%,128,93%,"1,269,333"
18am Padi (no page found),N/A,N/A,N/A,N/A
Oh Baby (Netherlands),N/A,N/A,91%,198
PokÃÂÃÂ©mon: Mewtwo Strikes Back - Evolution (no page found),N/A,N/A,N/A,N/A
My Thoughts Are Silent (no page found),N/A,N/A,N/A,N/A
Cruel Peter,N/A,N/A,33%,6
A.M.I. (no page found),N/A,N/A,N/A,N/A
Ibiza,67%,24,40%,508
Daughter of the Wolf,22%,9,42%,57
Mrs. Lowry & Son,61%,36,81%,31
Storozh (no page found),N/A,N/A,N/A,N/A
Kidnapping Stella,N/A,N/A,32%,25
One Day: Justice Delivered,0%,5,N/A,N/A
Luca,N/A,N/A,86%,62
End of Sentence,92%,52,95%,131
Jiivi (no page found),N/A,N/A,N/A,N/A
Brochevarevarura (no page found),N/A,N/A,N/A,N/A
Tottaa Pataaka Item Maal (no page found),N/A,N/A,N/A,N/A
Killers Anonymous,0%,9,18%,85
Turma da MÃÂÃÂ´nica: LaÃÂÃÂ§os (no page found),N/A,N/A,N/A,N/A
Turma da MÃÂÃÂ´nica: LaÃÂÃÂ§os (no page found),N/A,N/A,N/A,N/A
Spider-Man: Far From Home,91%,436,95%,"69,228"
Step Up China,N/A,N/A,N/A,N/A
Midsommar,83%,384,63%,"5,230"
Robert the Bruce,44%,52,69%,163
Love in Kilnerry,N/A,N/A,N/A,N/A
Ghost in the Graveyard,N/A,N/A,N/A,N/A
Kaméleon (Chameleon),N/A,N/A,78%,111
Strange But True,56%,25,83%,6
The Influence (La Influencia),N/A,N/A,N/A,N/A
Kabir Singh,23%,13,79%,155
Article 15,89%,19,95%,169
Beats,90%,10,56%,108
Anna,N/A,N/A,N/A,N/A
In Full Bloom,N/A,N/A,N/A,N/A
Child's Play,71%,48,63%,"267,512"
Annabelle Comes Home,65%,201,70%,"9,406"
Queen Marie of Romania (no page found),N/A,N/A,N/A,N/A
Queen Marie of Romania (no page found),N/A,N/A,N/A,N/A
Unda,N/A,N/A,N/A,N/A
Shaft,33%,126,94%,"7,727"
Murder Mystery,43%,67,42%,933
Queen Marie of Romania (no page found),N/A,N/A,N/A,N/A
Game Over,N/A,N/A,N/A,N/A
Lying and Stealing,62%,13,13%,67
Men in Black International,23%,311,66%,"11,493"
Toy Story 4,97%,438,94%,"53,146"
Playmobil: The Movie,17%,60,62%,203
Escape Plan: The Extractors,27%,11,30%,133
The Bygone,N/A,N/A,57%,23
Virus,N/A,N/A,18%,102
The Vault,N/A,N/A,22%,895
Changeland,63%,8,60%,92
Red Devil (no page found),N/A,N/A,N/A,N/A
Kolaigaran (no page found),N/A,N/A,N/A,N/A
Bharat,32%,19,52%,130
Dark Phoenix,22%,366,64%,"15,450"
Clown Motel: Spirits Arise,N/A,N/A,N/A,N/A
The Passage,N/A,N/A,N/A,N/A
Z,93%,46,93%,"6,522"
NGK,N/A,N/A,17%,18
The Gallows Act II,0%,13,38%,73
Above the Shadows,57%,7,85%,26
Enes Batur GerÃÂÃÂ§ek Kahraman (no page found),N/A,N/A,N/A,N/A
Chopsticks,17%,6,76%,25
Agent Sai Srinivasa Athreya (no page found),N/A,N/A,N/A,N/A
Ma,92%,13,55%,45
Domino,18%,158,56%,"247,065"
Always Be My Maybe,N/A,N/A,67%,56
"Godzilla, King of the Monsters!",83%,24,73%,"9,403"
The Specials (Hors normes),82%,11,N/A,N/A
Sibyl,57%,30,N/A,N/A
Avengement,84%,19,66%,158
School Life,93%,46,81%,207
India's Most Wanted,25%,8,61%,23
It Must Be Heaven,95%,38,70%,30
Rim of the World,23%,13,48%,284
Assimilate,N/A,N/A,62%,203
The Secret Life of Pets 2,60%,156,90%,"21,933"
Aykut Eniste (no page found),N/A,N/A,N/A,N/A
The Traitor (Le Traitre),N/A,N/A,N/A,N/A
The Poison Rose,0%,6,24%,159
Chandigarh Amritsar Chandigarh,N/A,N/A,N/A,N/A
Matthias & Maxime,61%,51,80%,35
Oh Mercy! (no page found),N/A,N/A,N/A,N/A
Dogs Don't Wear Pants (Koirat eivät käytä housuja),89%,27,91%,11
O que arde (no page found),N/A,N/A,N/A,N/A
Once Upon a Time In Hollywood,85%,545,70%,"26,403"
Parasite,N/A,N/A,N/A,N/A
Young Ahmed (Le jeune Ahmed),60%,67,52%,25
O que arde (no page found),N/A,N/A,N/A,N/A
Invisible Life (A vida invisível de Eurídice Gusmão),93%,74,88%,108
O que arde (no page found),N/A,N/A,N/A,N/A
Portrait of a Lady on Fire (Portrait de la jeune fille en feu),98%,295,92%,463
O que arde (no page found),N/A,N/A,N/A,N/A
Uma Vida em Segredo (A Hidden Life),N/A,N/A,N/A,N/A
On a Magical Night (Chambre 212),65%,31,17%,12
The Wild Goose Lake (Nan fang che zhan de ju hui),93%,68,74%,42
Alice and the Mayor (Alice et le maire),56%,9,N/A,N/A
Vivarium,72%,141,38%,726
The Whistlers,83%,104,62%,42
"Family Romance, LLC",77%,48,62%,13
I Lost My Body,96%,79,83%,524
Papicha,81%,16,83%,18
Ishq (no page found),N/A,N/A,N/A,N/A
Little Joe,68%,113,42%,86
Zombi Child,85%,80,60%,20
Hatsukoi,N/A,N/A,62%,448
"A White, White Day (Hvítur, hvítur dagur)",97%,64,N/A,N/A
Kardec,N/A,N/A,88%,8
Ishq (no page found),N/A,N/A,N/A,N/A
And Then We Danced,93%,81,95%,21
De De Pyaar De,23%,13,76%,111
The Weasel's Tale (El cuento de las comadrejas),85%,13,N/A,N/A
Sorry We Missed You,87%,143,N/A,N/A
The Swallows of Kabul (Les hirondelles de Kaboul),92%,13,100%,5
The Sun Is Also a Star,51%,101,61%,835
Chicuarotes,19%,16,N/A,N/A
Rocketman,N/A,N/A,N/A,N/A
Beanpole (Dylda),91%,89,79%,87
Atlantics,96%,148,77%,78
Promare,96%,28,93%,198
Cold Blood (La mémoire du sang),0%,17,19%,52
Le daim (no page found),N/A,N/A,N/A,N/A
John Wick: Chapter 3 - Parabellum (no page found),N/A,N/A,N/A,N/A
A Violent Separation,9%,11,84%,44
Bacurau (Nighthawk),91%,145,87%,406
"The Gangster, the Cop, the Devil",97%,31,94%,18
Les MisÃÂÃÂ©rables (no page found),N/A,N/A,N/A,N/A
Bull,N/A,N/A,N/A,N/A
The Dead Don't Die,N/A,N/A,40%,72
Chase,N/A,N/A,N/A,N/A
Life Like,N/A,N/A,73%,16
Adventures of Aladdin,N/A,N/A,10%,21
Shed of the Dead,N/A,N/A,63%,27
Brightburn,57%,200,67%,"4,331"
Student of the Year 2,6%,16,21%,189
Poms,36%,84,74%,843
Les MisÃÂÃÂ©rables (no page found),N/A,N/A,N/A,N/A
Wine Country,65%,84,30%,456
The Evil Down The Street,N/A,N/A,72%,50
Aladdin,57%,369,94%,"59,044"
Les MisÃÂÃÂ©rables (no page found),N/A,N/A,N/A,N/A
Chasing Molly,N/A,N/A,N/A,N/A
Yesterday (Vchera),N/A,N/A,N/A,N/A
See You Yesterday,95%,39,37%,232
A Dog's Journey,50%,84,91%,"2,922"
The Last Summer,N/A,N/A,N/A,N/A
El Hijo (no page found),N/A,N/A,N/A,N/A
The Intruder,N/A,N/A,N/A,N/A
PokÃÂÃÂ©mon Detective Pikachu (no page found),N/A,N/A,N/A,N/A
Tolkien,51%,196,72%,"1,169"
Swallow,88%,111,72%,274
PokÃÂÃÂ©mon Detective Pikachu (no page found),N/A,N/A,N/A,N/A
Low Tide,N/A,N/A,N/A,N/A
Bliss,N/A,N/A,N/A,N/A
Buffaloed,77%,47,88%,8
The Kill Team,90%,42,73%,"2,758"
Only,40%,20,N/A,N/A
UglyDolls,27%,86,54%,"1,070"
Uyare,N/A,N/A,N/A,N/A
Aamis (Ravening),87%,15,82%,22
After Midnight,N/A,N/A,30%,414
Blow the Man Down,98%,110,75%,287
Crown Vic,58%,24,74%,85
Come to Daddy,86%,96,75%,8
Born a King (no page found),N/A,N/A,N/A,N/A
I Spit on Your Grave: Deja Vu,N/A,N/A,16%,19
Avengers: Endgame,94%,524,90%,"69,850"
Born a King (no page found),N/A,N/A,N/A,N/A
Kingdom,94%,16,96%,27
Someone Great,82%,51,65%,553
Once Upon A Time In London,17%,6,N/A,N/A
Vellaipookal (no page found),N/A,N/A,N/A,N/A
Jersey,N/A,N/A,84%,19
The Collini Case,82%,11,N/A,N/A
Kanchana 3,N/A,N/A,N/A,N/A
Baantjer het Begin (no page found),N/A,N/A,N/A,N/A
Kalank,39%,18,41%,135
Baantjer het Begin (no page found),N/A,N/A,N/A,N/A
Guava Island,76%,41,75%,343
Athiran,N/A,N/A,N/A,N/A
I Can Quit Whenever I Want (Lo dejo cuando quiera),N/A,N/A,N/A,N/A
Crypto,17%,6,57%,90
Madhuraraja (no page found),N/A,N/A,N/A,N/A
The Furies,83%,6,81%,491
The Perfect Date,65%,17,37%,531
The Tashkent Files,0%,8,76%,41
Crossroads (Shizi jietou),N/A,N/A,N/A,N/A
Vinci Da (no page found),N/A,N/A,N/A,N/A
Chitralahari (no page found),N/A,N/A,N/A,N/A
Nous finirons ensemble (no page found),N/A,N/A,N/A,N/A
Nous finirons ensemble (no page found),N/A,N/A,N/A,N/A
Beneath Us,20%,10,50%,48
Nous finirons ensemble (no page found),N/A,N/A,N/A,N/A
Nous finirons ensemble (no page found),N/A,N/A,N/A,N/A
After...,N/A,N/A,12%,420
Sunrise in Heaven,N/A,N/A,53%,15
Hellboy,81%,202,66%,"458,965"
The Ruthless (Lo spietato),N/A,N/A,49%,47
The Champion (no page found),N/A,N/A,N/A,N/A
The Champion (no page found),N/A,N/A,N/A,N/A
PM Narendra Modi,0%,10,52%,56
Hababam Sinifi Yeniden (no page found),N/A,N/A,N/A,N/A
The Haunting of Sharon Tate,19%,32,31%,169
Hababam Sinifi Yeniden (no page found),N/A,N/A,N/A,N/A
Majili,N/A,N/A,60%,5
Romeo Akbar Walter,15%,13,81%,34
Missing Link,N/A,N/A,50%,59
Hababam Sinifi Yeniden (no page found),N/A,N/A,N/A,N/A
Terra Willy: PlanÃÂÃÂ¨te inconnue (no page found),N/A,N/A,N/A,N/A
Curiosa,N/A,N/A,N/A,N/A
The Trap,N/A,N/A,N/A,N/A
Satanic Panic,N/A,N/A,20%,57
Into the Ashes,26%,19,29%,42
End of the Century,95%,39,72%,37
The Notebook,53%,178,85%,"31,656,590"
Unplanned,40%,25,90%,"5,327"
Justice League vs the Fatal Five,100%,8,62%,82
The Birdcatcher,N/A,N/A,80%,5
Gone Kesh,N/A,N/A,N/A,N/A
Cuck,44%,16,48%,172
Terra Willy: PlanÃÂÃÂ¨te inconnue (no page found),N/A,N/A,N/A,N/A
Super Deluxe,80%,5,92%,80
Lucifer,N/A,N/A,82%,39
Maria,N/A,N/A,N/A,N/A
Shazam! (no page found),N/A,N/A,N/A,N/A
Mercy Black,40%,10,26%,60
I Trapped The Devil,75%,36,39%,96
Last Ferry,N/A,N/A,N/A,N/A
Who Would You Take to a Deserted Island? (A quién te llevarías a una isla desierta?),83%,6,N/A,N/A
Akjilkyungchal (no page found),N/A,N/A,N/A,N/A
Kesari,36%,14,80%,240
Balkanskiy rubezh,N/A,N/A,N/A,N/A
Depraved,84%,56,44%,56
Triple Threat,N/A,N/A,N/A,N/A
The Dirt,N/A,N/A,N/A,N/A
A pesar de todo,20%,5,21%,19
Clickbait,N/A,N/A,44%,17
Rahman 1400 (no page found),N/A,N/A,N/A,N/A
Pet Sematary,51%,35,59%,"97,793"
Turkish Ice-Cream (no page found),N/A,N/A,N/A,N/A
The Blackout,0%,8,53%,579
Nancy Drew and the Hidden Staircase,N/A,N/A,50%,121
For Love or Money,N/A,N/A,N/A,N/A
Finding Steve McQueen,52%,23,64%,81
Captive State,43%,76,37%,767
The Professor and the Madman,43%,28,79%,350
The Curse of La Llorona,N/A,N/A,N/A,N/A
Fisherman's Friends,65%,46,71%,112
Sang Krasue (no page found),N/A,N/A,N/A,N/A
Five Feet Apart,53%,121,79%,824
The Parts You Lose,67%,18,54%,50
Pain and Glory (Dolor y gloria),96%,284,91%,364
Stuber,41%,219,79%,"5,394"
Wonder Park,34%,106,44%,680
Abduction,N/A,N/A,44%,117
Ready or Not,N/A,N/A,N/A,N/A
Snatchers,100%,16,61%,122
Good Boys (Yeladim Tovim),N/A,N/A,N/A,N/A
The Day Shall Come,65%,89,55%,92
I See You,N/A,N/A,54%,"2,051"
Dumbo,98%,41,70%,"432,251"
Girl on the Third Floor,84%,37,22%,383
Adopt a Highway,69%,32,75%,82
Tone-Deaf,45%,31,24%,46
Extra Ordinary,98%,88,77%,22
Sang Krasue (no page found),N/A,N/A,N/A,N/A
Ready to Mingle (Bachelorettes) (Solteras),44%,9,48%,21
The Highwaymen,57%,138,73%,"1,291"
Booksmart,97%,353,77%,"4,116"
Daniel Isn't Real,83%,77,53%,131
Darlin',70%,30,50%,34
The Beach Bum,56%,120,29%,712
Villains,85%,65,78%,76
The Peanut Butter Falcon,96%,203,96%,"4,706"
Impossible Monsters,50%,6,93%,55
Long Shot,N/A,N/A,85%,169
Sword of Trust,93%,90,62%,176
Badla,60%,15,75%,157
Body at Brighton Rock,66%,41,19%,74
Sang Krasue (no page found),N/A,N/A,N/A,N/A
Juanita,N/A,N/A,N/A,N/A
Walk. Ride. Rodeo.,N/A,N/A,50%,46
The Kid,49%,99,49%,"60,625"
Mine 9,89%,18,78%,139
Triple Frontier,71%,131,55%,"1,983"
The Hard Way,N/A,N/A,77%,137
The Russian Bride,N/A,N/A,N/A,N/A
ÃÂÃÂldÃÂÃÂ¼r Beni Sevgilim (no page found),N/A,N/A,N/A,N/A
Yajamana,N/A,N/A,N/A,N/A
Luka Chuppi,31%,13,58%,57
Get In,50%,6,38%,13
4 latas,57%,7,50%,8
Sonchiriya,78%,9,88%,43
We Summon the Darkness,69%,64,36%,106
Thadam (no page found),N/A,N/A,N/A,N/A
Tyler Perry's A Madea Family Funeral,12%,34,30%,729
Captain Marvel,78%,517,48%,"95,473"
Lancaster Skies,N/A,N/A,27%,11
The Blonde One,92%,12,N/A,N/A
Feedback,N/A,N/A,N/A,N/A
Thadam (no page found),N/A,N/A,N/A,N/A
Posljednji Srbin u Hrvatskoj (no page found),N/A,N/A,N/A,N/A
Le mystÃÂÃÂ¨re Henri Pick (no page found),N/A,N/A,N/A,N/A
Room For Rent,88%,8,52%,168
American Bistro,N/A,N/A,97%,112
Paris est ÃÂÃÂ  nous (no page found),N/A,N/A,N/A,N/A
Trading Paint,0%,12,34%,53
TÃÂÃÂµde ja ÃÂÃÂµigus (no page found),N/A,N/A,N/A,N/A
Total Dhamaal,30%,10,40%,82
Svaha: The Sixth Finger,N/A,N/A,74%,27
Bir Ask Iki Hayat (no page found),N/A,N/A,N/A,N/A
June,N/A,N/A,62%,89
Marighella,N/A,N/A,N/A,N/A
Amundsen,N/A,N/A,N/A,N/A
Break,N/A,N/A,21%,966
Friend Zone,N/A,N/A,N/A,N/A
Di Jiu Tian Chang (no page found),N/A,N/A,N/A,N/A
Furie (Hai phuong),95%,21,83%,121
Oru Adaar Love,N/A,N/A,N/A,N/A
"Oh, Ramona! (no page found)",N/A,N/A,N/A,N/A
Jeungin (no page found),N/A,N/A,N/A,N/A
Happy Death Day 2U,70%,202,58%,"2,862"
Paradise Beach,N/A,N/A,0%,13
Synonyms (Synonymes),87%,86,33%,9
Elisa & Marcela,N/A,N/A,57%,7
Piranhas (La paranza dei bambini),58%,33,53%,17
The Way We Weren't,N/A,N/A,N/A,N/A
A Tale of Three Sisters,86%,7,N/A,N/A
RÃÂÃÂ©pertoire des villes disparues (no page found),N/A,N/A,N/A,N/A
Isn't It Romantic?,N/A,N/A,N/A,N/A
Driveways,100%,66,93%,56
"Gospod postoi, imeto i' e Petrunija (no page found)",N/A,N/A,N/A,N/A
The Operative (Newcomer),N/A,N/A,40%,10
Celle que vous croyez (no page found),N/A,N/A,N/A,N/A
Mr. Jones,46%,13,51%,"5,181"
Bait,N/A,N/A,N/A,N/A
Soul Hunters (no page found),N/A,N/A,N/A,N/A
Driven,62%,50,69%,138
The Golden Glove (Der goldene handschuh),52%,33,78%,50
Out Stealing Horses (Ut og Stjæle Hester),83%,12,N/A,N/A
Code Geass: Fukkatsu No Lelouch (no page found),N/A,N/A,N/A,N/A
37 sekanzu (no page found),N/A,N/A,N/A,N/A
Gully Boy,95%,22,82%,394
System Crasher (Systemsprenger),94%,34,N/A,N/A
Light of My life,81%,54,74%,360
Drunk Parents,N/A,N/A,15%,166
Beneath the Leaves,20%,5,8%,60
"Berlin, I Love You",11%,18,30%,93
Kumbalangi Nights,N/A,N/A,86%,21
9 (Nine) (Short Film),N/A,N/A,N/A,N/A
We Die Young,N/A,N/A,45%,62
Cold Pursuit,69%,182,49%,"2,572"
37 sekanzu (no page found),N/A,N/A,N/A,N/A
Pegasus,N/A,N/A,N/A,N/A
The New King of Comedy,N/A,N/A,N/A,N/A
The Wandering Earth,69%,36,48%,863
The Knight of Shadows: Between Yin and Yang,N/A,N/A,N/A,N/A
Crazy Alien,N/A,N/A,44%,12
Alita: Battle Angel,61%,320,92%,"33,626"
The Immortal (no page found),N/A,N/A,N/A,N/A
The LEGO Movie 2: The Second Part,84%,290,68%,"28,642"
When the Moon Was Full,N/A,N/A,N/A,N/A
An Affair to Die For,N/A,N/A,26%,53
The Immortal (no page found),N/A,N/A,N/A,N/A
Organize Isler: Sazan Sarmali (no page found),N/A,N/A,N/A,N/A
Ek Ladki Ko Dekha Toh Aisa Laga,77%,13,65%,97
Paddleton,90%,41,88%,533
Madras Beats (no page found),N/A,N/A,N/A,N/A
Troop Zero,67%,64,78%,429
The First King,N/A,N/A,62%,24
The Mustang,95%,129,74%,457
Just 6.5 (6.5 Toman Per Meter) (Metri shish-o-nim),89%,9,N/A,N/A
Madras Beats (no page found),N/A,N/A,N/A,N/A
15 Minutes of War (L'intervention),43%,7,82%,11
Top End Wedding,89%,37,73%,30
Corporate Animals,25%,51,16%,42
Silhouette,N/A,N/A,57%,31
Brittany Runs a Marathon,88%,181,87%,"1,344"
The Drone,80%,5,38%,16
Sweetheart,94%,35,51%,233
Fighting with My Family,92%,232,82%,"3,879"
Official Secrets,83%,159,89%,361
Animals,N/A,N/A,20%,329
Big Time Adolescence,85%,80,83%,410
Blinded by the Light,89%,250,91%,"2,635"
After Party,N/A,N/A,N/A,N/A
High Flying Bird,92%,129,48%,56
Judy & Punch,79%,131,57%,47
Photograph,N/A,N/A,N/A,N/A
Luce,90%,156,77%,284
Little Monsters,50%,8,62%,"48,939"
Them That Follow,59%,92,46%,158
Velvet Buzzsaw,61%,179,35%,"1,716"
The Souvenir,89%,170,36%,515
Madras Beats (no page found),N/A,N/A,N/A,N/A
Monos,93%,148,85%,33
Clemency,N/A,N/A,N/A,N/A
The Death of Dick Long,75%,76,86%,7
Take Me Somewhere Nice,100%,14,88%,8
Queen of Hearts,N/A,N/A,80%,26
Gozaresh (The Report),N/A,N/A,57%,13
Greener Grass,80%,66,N/A,N/A
The Vast of Night,92%,218,64%,898
Hala,88%,33,60%,60
Paradise Hills,64%,61,76%,370
Rane (The Wounds),N/A,N/A,87%,653
The Wolf Hour,50%,26,44%,9
The Last Black Man in San Francisco,93%,201,84%,506
"Extremely Wicked, Shockingly Evil and Vile",54%,180,57%,"1,357"
Seetharama Kalyana (no page found),N/A,N/A,N/A,N/A
La Despedida,N/A,N/A,N/A,N/A
Divine Love,94%,18,N/A,N/A
Honey Boy,94%,224,92%,560
Thackeray,20%,10,50%,35
The Boy Who Harnessed the Wind,86%,63,88%,352
The Lodge,74%,165,51%,320
Mirreyes contra Godinez,N/A,N/A,N/A,N/A
Share,N/A,N/A,N/A,N/A
Adam,N/A,N/A,58%,43
I Am Mother,90%,73,74%,"1,017"
The Hole in the Ground,84%,87,48%,405
Late Night,N/A,N/A,N/A,N/A
Miss Bala,87%,69,63%,"4,826"
Polar,N/A,N/A,N/A,N/A
Danmarks sÃÂÃÂ¸nner (no page found),N/A,N/A,N/A,N/A
Efter brylluppet (After the Wedding),88%,105,87%,"83,976"
Danmarks sÃÂÃÂ¸nner (no page found),N/A,N/A,N/A,N/A
Beats,90%,10,56%,108
Manikarnika: The Queen of Jhansi,50%,10,81%,166
Native Son,N/A,N/A,N/A,N/A
Serenity,82%,187,91%,"313,189"
Give Me Liberty,N/A,N/A,N/A,N/A
Extreme Job,80%,10,82%,107
The Secret Men Club (no page found),N/A,N/A,N/A,N/A
The Shiny Shrimps (Les Crevettes Pailletées),73%,26,N/A,N/A
Wish Man,N/A,N/A,89%,148
BorÃÂÃÂ§ HarÃÂÃÂ§ (no page found),N/A,N/A,N/A,N/A
Mikhael,N/A,N/A,N/A,N/A
Operation Cicero (no page found),N/A,N/A,N/A,N/A
Love at Second Sight (Mon inconnue),50%,8,90%,21
The Lift Boy,N/A,N/A,60%,5
I Hate Kids,22%,9,82%,99
Pod bluzka (Close),N/A,N/A,N/A,N/A
Io,31%,26,N/A,N/A
Taksi-Blyuz (Taxi Blues),83%,6,70%,108
Why Cheat India,N/A,N/A,N/A,N/A
Rebelles (no page found),N/A,N/A,N/A,N/A
The Wolf's Call (Le chant du loup),92%,12,71%,140
In Family I Trust (Gente que viene y bah),N/A,N/A,N/A,N/A
The Kid Who Would Be King,89%,186,56%,"1,444"
The Queen's Corgi,0%,19,N/A,N/A
Iron Sky: The Coming Race,29%,7,31%,96
Weathering with You,91%,90,96%,241
White Snake,68%,22,86%,42
Uri,62%,13,N/A,N/A
F2: Fun and Frustration,N/A,N/A,N/A,N/A
Vijay Superum Pournamiyum (no page found),N/A,N/A,N/A,N/A
The Last Laugh (Der Letzte Mann),100%,28,88%,"4,052"
The Accidental Prime Minister,20%,10,N/A,N/A
Vinaya Vidheya Rama,N/A,N/A,N/A,N/A
Vijay Superum Pournamiyum (no page found),N/A,N/A,N/A,N/A
A Dog's Way Home,59%,79,71%,"1,605"
Reign of the Supermen,N/A,N/A,74%,23
Vijay Superum Pournamiyum (no page found),N/A,N/A,N/A,N/A
Petta,67%,6,69%,55
Viswasam,N/A,N/A,N/A,N/A
NTR - Kathanayakudu,N/A,N/A,50%,6
The Last Boy,N/A,N/A,30%,32
Vijay Superum Pournamiyum (no page found),N/A,N/A,N/A,N/A
Storm Boy,N/A,N/A,75%,413
American Hangman,44%,9,61%,129
Escape Room,N/A,N/A,21%,227
How to Train Your Dragon: The Hidden World,90%,261,86%,"56,259"
122 (no page found),N/A,N/A,N/A,N/A
Qu'est-ce qu'on a encore fait au bon Dieu? (no page found),N/A,N/A,N/A,N/A
Paranormal Investigation (no page found),N/A,N/A,N/A,N/A
BÃÂÃÂ¶rÃÂÃÂ¼ (no page found),N/A,N/A,N/A,N/A
T-34,N/A,N/A,82%,91
Simmba,27%,11,42%,157
Minha Vida em Marte (no page found),N/A,N/A,N/A,N/A
Checkered Ninja (Ternet Ninja),N/A,N/A,86%,30
All Is True,71%,136,67%,270
Njan Prakashan,N/A,N/A,N/A,N/A
Zero,N/A,N/A,N/A,N/A
Welcome to Marwen,34%,166,49%,"1,642"
Kanaa,N/A,N/A,N/A,N/A
Adanga Maru (no page found),N/A,N/A,N/A,N/A
K.G.F: Chapter 1 (no page found),N/A,N/A,N/A,N/A
Maari 2 (Tamil),N/A,N/A,25%,14
Yatra,N/A,N/A,70%,269
Holmes and Watson,10%,77,26%,"3,846"
The Drug King,80%,5,68%,31
All About Me (Der Junge muss an die frische Luft),N/A,N/A,N/A,N/A
Nicky Larson et le parfum de Cupidon (no page found),N/A,N/A,N/A,N/A
The Ride,N/A,N/A,80%,53
Beyond White Space,N/A,N/A,33%,53
Odiyan,N/A,N/A,44%,14
Vice,N/A,N/A,N/A,N/A
Nicky Larson et le parfum de Cupidon (no page found),N/A,N/A,N/A,N/A
The Mule (La mula),N/A,N/A,50%,42
City of Lies,N/A,N/A,62%,135
Bizim IÃÂÃÂ§in Sampiyon (no page found),N/A,N/A,N/A,N/A
Kedarnath,43%,14,69%,133
The Axiom,N/A,N/A,34%,47
Dumplin',85%,61,74%,"1,098"
Revenger,40%,5,52%,55
Kafalar Karisik (no page found),N/A,N/A,N/A,N/A
BÃÂÃÂÃÂÃÂK (no page found),N/A,N/A,N/A,N/A
100 Dinge (no page found),N/A,N/A,N/A,N/A
Swing Kids,56%,18,79%,"27,942"
All the Devil's Men,23%,13,18%,69
Spider-Man: Into the Spider-Verse,97%,381,93%,"19,877"
Druhé dejství,N/A,N/A,N/A,N/A
Doeorak (no page found),N/A,N/A,N/A,N/A
AstÃÂÃÂ©rix: Le secret de la potion magique (no page found),N/A,N/A,N/A,N/A
Backtrace,11%,9,22%,96
Mortal Engines,26%,186,49%,"3,959"
Eerie (no page found),N/A,N/A,N/A,N/A
Bumblebee,90%,242,74%,"9,826"
D-Railed,N/A,N/A,67%,49
A Christmas Prince: The Royal Wedding,50%,16,32%,133
Ghost Killers vs. Bloody Mary (Exterminadores do Além Contra a Loira do Banheiro),50%,6,70%,10
The Plagues of Breslau (Plagi Breslau),83%,6,50%,46
Hedefim Sensin (no page found),N/A,N/A,N/A,N/A
In God I Trust,N/A,N/A,N/A,N/A
The Possession of Hannah Grace,19%,54,28%,761
2.0,56%,18,72%,314
Mary Poppins Returns,79%,366,65%,"7,284"
Aquaman,65%,397,74%,"34,894"
Mowgli: Legend of the Jungle,53%,104,51%,"1,840"
Deliler (no page found),N/A,N/A,N/A,N/A
Rossz versek (no page found),N/A,N/A,N/A,N/A
Unstoppable (9 Lives),N/A,N/A,24%,"3,278"
Bizi Hatirla (no page found),N/A,N/A,N/A,N/A
The Christmas Chronicles,65%,54,77%,"1,256"
Robin Hood,N/A,N/A,N/A,N/A
A Cool Fish,20%,5,88%,33
Moromete Family: On the Edge of Time (no page found),N/A,N/A,N/A,N/A
The Princess Switch,75%,12,48%,455
Joseph (Malayalam),N/A,N/A,N/A,N/A
Taxiwala,N/A,N/A,N/A,N/A
Instant Family,80%,148,82%,"3,444"
Mary Queen of Scots,62%,278,41%,"2,626"
Dragon Ball Super: Broly,82%,56,92%,"3,397"
Creed II,83%,300,79%,"5,580"
Mirage,82%,11,79%,"1,752"
Bird Box,63%,158,57%,"7,244"
A Man Called Ahok,N/A,N/A,N/A,N/A
Hanum & Rangga: Faith & The City (no page found),N/A,N/A,N/A,N/A
Welcome Home,N/A,N/A,N/A,N/A
On the Basis of Sex,73%,251,76%,"2,182"
Fantastic Beasts: The Crimes of Grindelwald,36%,320,54%,"15,002"
The Grinch,60%,189,50%,"12,883"
Time Freak,N/A,N/A,N/A,N/A
Thugs of Hindostan,20%,15,46%,299
Swiped,17%,6,60%,"1,321"
Sarkar,N/A,N/A,81%,551
Robin Hood: The Rebellion,N/A,N/A,24%,39
Ralph Breaks the Internet,88%,272,65%,"8,599"
Gojira: hoshi wo kÃÂÃÂ» mono (no page found),N/A,N/A,N/A,N/A
The Emperor of Paris (L'Empereur de Paris),67%,9,58%,22
Lupt (no page found),N/A,N/A,N/A,N/A
Iyi Oyun (no page found),N/A,N/A,N/A,N/A
The Holiday Calendar,33%,6,34%,99
Savyasachi,N/A,N/A,N/A,N/A
Intimate Strangers,N/A,N/A,N/A,N/A
Iyi Oyun (no page found),N/A,N/A,N/A,N/A
25 km/h (no page found),N/A,N/A,N/A,N/A
Slaughterhouse Rulez,39%,33,56%,351
The Nutcracker and the Four Realms,32%,202,34%,"2,299"
Matriarch,N/A,N/A,75%,30
Head Full of Honey,0%,6,76%,92
MÃÂÃÂ¼slÃÂÃÂ¼m (no page found),N/A,N/A,N/A,N/A
The Marine 6: Close Quarters,N/A,N/A,58%,49
The Necromancer (no page found),N/A,N/A,N/A,N/A
El fotÃÂÃÂ³grafo de Mauthausen (no page found),N/A,N/A,N/A,N/A
Baazaar,30%,10,61%,57
In Their Skin,45%,11,16%,967
Glass Jaw,N/A,N/A,97%,157
Nesokrushimyy (no page found),N/A,N/A,N/A,N/A
Homestay,N/A,N/A,N/A,N/A
Notti magiche (no page found),N/A,N/A,N/A,N/A
Dirizhyor (The Conductor),N/A,N/A,N/A,N/A
Rampant,62%,13,61%,115
Indivisible,N/A,N/A,N/A,N/A
The Tree of Blood (El árbol de la sangre),55%,11,59%,27
Perfect Strangers,N/A,N/A,20%,28
The Scorpion King: Book of Souls (no page found),N/A,N/A,N/A,N/A
Bohemian Rhapsody,60%,399,85%,"23,142"
Stan & Ollie,92%,215,83%,"2,001"
Your Son (Tu Hijo),100%,5,N/A,N/A
Only You,52%,33,68%,"21,752"
Debi,N/A,N/A,80%,5
Hello Guru Prema Kosame,N/A,N/A,N/A,N/A
Badhaai Ho,92%,12,82%,163
Namaste England,0%,10,44%,28
Nyitva (no page found),N/A,N/A,N/A,N/A
Nyitva (no page found),N/A,N/A,N/A,N/A
The Girl in the Spider's Web,39%,233,36%,"1,689"
The Final Wish,80%,10,26%,292
The Thinning: New World Order (no page found),N/A,N/A,N/A,N/A
Le flic de Belleville (no page found),N/A,N/A,N/A,N/A
Da hong zha (no page found),N/A,N/A,N/A,N/A
Warning Shot,N/A,N/A,22%,924
Antrum: The Deadliest Film Ever Made,73%,11,47%,72
X. (no page found),N/A,N/A,N/A,N/A
Master Z: Ip Man Legacy,89%,37,68%,162
Rajma Chawal,60%,5,N/A,N/A
River Runs Red,22%,9,77%,267
Astral,N/A,N/A,60%,159
Yol Arkadasim 2 (no page found),N/A,N/A,N/A,N/A
Jalebi,N/A,N/A,N/A,N/A
Vada Chennai,N/A,N/A,85%,20
Sometimes Always Never (Triple Word Score),82%,91,N/A,N/A
Then Came You,59%,22,75%,246
Gosnell: The Trial of America's Biggest Serial Killer,60%,15,97%,"1,876"
Malevolence 3: Killer,N/A,N/A,0%,8
"Happy New Year, Colin Burstead",85%,26,57%,39
Kayamkulam Kochunni (no page found),N/A,N/A,N/A,N/A
Goosebumps 2: Haunted Halloween,47%,95,38%,"1,314"
The Vanishing (Spoorloos),98%,47,88%,"10,290"
Super Lopez (no page found),N/A,N/A,N/A,N/A
Cut Off,N/A,N/A,5%,216
Aravindha Sametha Veera Raghava,N/A,N/A,85%,16
Niet Schieten (no page found),N/A,N/A,N/A,N/A
The Amityville Murders,7%,15,50%,108
Look Away,17%,12,54%,397
How About Adolf? (no page found),N/A,N/A,N/A,N/A
Lie tou (Long Goodbye) (The Head Hunter),N/A,N/A,N/A,N/A
How About Adolf? (no page found),N/A,N/A,N/A,N/A
Zoo,60%,50,36%,"4,518"
Wave of Crimes (no page found),N/A,N/A,N/A,N/A
Gun City (La sombra de la ley),67%,6,52%,29
Raatchasan (no page found),N/A,N/A,N/A,N/A
Raatchasan (no page found),N/A,N/A,N/A,N/A
Seven in Heaven,N/A,N/A,27%,63
Deadtectives,63%,8,60%,10
Malevolent,N/A,N/A,27%,96
Acid (Kislota),N/A,N/A,N/A,N/A
Andhadhun,100%,15,91%,570
Nota,N/A,N/A,N/A,N/A
Love Will Take Over (no page found),N/A,N/A,N/A,N/A
Project Gutenberg (Mo Seung),83%,6,80%,64
Asher,46%,13,37%,84
Twisted Pair (no page found),N/A,N/A,N/A,N/A
Dark Figure of Crime,80%,5,67%,12
96 (Tamil),100%,5,81%,42
The Trump Prophecy,N/A,N/A,29%,91
The Betrayed,N/A,N/A,32%,426
Twisted Pair (no page found),N/A,N/A,N/A,N/A
Monster Party,76%,21,48%,181
The Keeper (Trautmann),92%,24,85%,52
Venom,N/A,N/A,N/A,N/A
RÃÂÃÂ©mi sans famille (no page found),N/A,N/A,N/A,N/A
Journal 64 (no page found),N/A,N/A,N/A,N/A
The Awakening of Motti Wolkenbruch (Wolkenbruchs wunderliche reise in die arme einer schickse),63%,8,46%,28
Pariyerum Perumal,N/A,N/A,76%,18
Journal 64 (no page found),N/A,N/A,N/A,N/A
Un homme pressÃÂÃÂ© (no page found),N/A,N/A,N/A,N/A
Battle,N/A,N/A,56%,18
The Padre,N/A,N/A,32%,80
Night Hunter,N/A,N/A,19%,"1,423"
Little Women,N/A,N/A,N/A,N/A
The Pool,96%,47,73%,851
Paskal: The Movie (no page found),N/A,N/A,N/A,N/A
Firecracker (no page found),N/A,N/A,N/A,N/A
I'll Take Your Dead,67%,15,51%,43
Made in India (no page found),N/A,N/A,N/A,N/A
Ballon (no page found),N/A,N/A,N/A,N/A
The Jurassic Games,83%,6,40%,111
Hex,N/A,N/A,N/A,N/A
I Still See You,8%,13,54%,256
Hell Fest,40%,65,40%,839
Devadasy,N/A,N/A,N/A,N/A
Chekka Chivantha Vaanam,N/A,N/A,47%,33
The Oath,75%,16,62%,60
Tiempo despuÃÂÃÂ©s (no page found),N/A,N/A,N/A,N/A
Head Count,67%,18,45%,146
Yuli,92%,26,74%,43
The Night Comes For Us,90%,31,83%,924
Girls with Balls,42%,12,22%,46
The Chaperone,29%,17,43%,"2,699"
Bloodline,N/A,N/A,N/A,N/A
The Boat,N/A,N/A,81%,484
Zwischen Welten (Inbetween Worlds),N/A,N/A,67%,18
Bad Times at the El Royale,74%,247,73%,"5,627"
The Clovehitch Killer,76%,33,69%,788
We Have Always Lived in the Castle,86%,29,54%,226
Overlord,89%,19,72%,"1,346"
Brian Banks,61%,69,97%,"1,831"
The 16th Episode,N/A,N/A,17%,6
You Might Be the Killer,60%,20,48%,118
The Dead Center,94%,18,44%,55
Qismat,N/A,N/A,87%,183
Tumbbad,87%,23,96%,660
The Apostle,90%,48,79%,"8,127"
Starfish Hotel,N/A,N/A,73%,308
Ashes in the Snow,50%,14,84%,355
Nappily Ever After,71%,14,73%,344
Hell House LLC II: The Abaddon Hotel (no page found),N/A,N/A,N/A,N/A
Varathan,N/A,N/A,N/A,N/A
The Perfection,72%,92,58%,499
Batti Gul Meter Chalu,20%,10,54%,273
Saamy Square (Saamy 2),N/A,N/A,N/A,N/A
Ladies in Black,88%,33,N/A,N/A
Smallfoot,75%,125,62%,"2,155"
Pimp,0%,13,13%,186
London Fields,0%,35,49%,368
7 uczuc (no page found),N/A,N/A,N/A,N/A
The Great Battle,86%,7,83%,88
The Negotiation,60%,5,66%,34
Night School (Terror Eyes),N/A,N/A,28%,172
The House with a Clock in Its Walls,65%,213,44%,"3,463"
Clergy (no page found),N/A,N/A,N/A,N/A
Mitron,N/A,N/A,80%,18
Unbroken: Path to Redemption,38%,26,77%,379
Danger One,N/A,N/A,92%,151
The Basement,N/A,N/A,25%,62
The Angel,75%,12,61%,238
RemÃÂÃÂ©lem legkÃÂÃÂ¶zelebb sikerÃÂÃÂ¼l meghalnod:) (no page found),N/A,N/A,N/A,N/A
In Fabric,91%,151,49%,244
Johnny English Strikes Again,37%,108,49%,"1,878"
Bel Canto,47%,73,46%,124
Bigger,20%,10,78%,178
Them 1 (Loro 1),N/A,N/A,48%,44
RemÃÂÃÂ©lem legkÃÂÃÂ¶zelebb sikerÃÂÃÂ¼l meghalnod:) (no page found),N/A,N/A,N/A,N/A
Seema Raja (Seemaraja),N/A,N/A,N/A,N/A
The Land of Steady Habits,83%,40,48%,310
King of Thieves (König der Diebe),N/A,N/A,76%,281
Hold the Dark,71%,82,31%,"1,194"
Mulgoe (no page found),N/A,N/A,N/A,N/A
Green Book,77%,349,91%,"9,982"
Vita & Virginia,42%,88,61%,64
Rojo,N/A,N/A,N/A,N/A
Mulgoe (no page found),N/A,N/A,N/A,N/A
Mard Ko Dard Nahin Hota (no page found),N/A,N/A,N/A,N/A
A Simple Favor,84%,246,73%,"6,644"
Geliebte Clara,N/A,N/A,60%,93
J.T. LeRoy,55%,83,41%,51
Mard Ko Dard Nahin Hota (no page found),N/A,N/A,N/A,N/A
The Death and Life of John F. Donovan,20%,30,56%,215
A Million Little Pieces,27%,48,50%,66
A Faithful Man (L'homme fidèle),80%,56,50%,37
Her Smell,83%,131,49%,236
Las niÃÂÃÂ±as bien (no page found),N/A,N/A,N/A,N/A
Minuscule - Les mandibules du bout du monde (no page found),N/A,N/A,N/A,N/A
Tell It to the Bees,52%,54,64%,89
If Beale Street Could Talk,94%,345,70%,"2,511"
Mid90s,81%,223,80%,"2,704"
The Standoff at Sparrow Creek,78%,49,65%,259
High Life,N/A,N/A,N/A,N/A
Giant Little Ones,93%,58,84%,226
Where Hands Touch,42%,48,71%,265
Freaks,95%,55,88%,"24,449"
The Chambermaid (La camarista),99%,68,62%,68
Papi Chulo (no page found),N/A,N/A,N/A,N/A
The Wedding Guest,42%,71,37%,83
Ben is Back,81%,213,70%,"1,259"
Nekrotronic,40%,20,74%,52
The Hummingbird Project,57%,116,49%,204
QuiÃÂÃÂ©n te cantarÃÂÃÂ¡ (no page found),N/A,N/A,N/A,N/A
Skin,76%,79,83%,313
Life Itself,97%,199,88%,"13,364"
Driven,62%,50,69%,138
Husband Material (Manmarziyaan),77%,13,70%,78
Wildrose,N/A,N/A,N/A,N/A
Cities of Last Things,80%,15,64%,26
Widows,N/A,N/A,22%,26
QuiÃÂÃÂ©n te cantarÃÂÃÂ¡ (no page found),N/A,N/A,N/A,N/A
Posledice (no page found),N/A,N/A,N/A,N/A
Rosie: The Devil in My Head,67%,6,100%,172
Laila Majnu,N/A,N/A,71%,177
Posledice (no page found),N/A,N/A,N/A,N/A
The Third Wife,87%,47,65%,52
Red Joan,29%,148,56%,220
ANIARA,69%,49,60%,102
Theevandi,N/A,N/A,N/A,N/A
Lady J (Mademoiselle de Joncquières),83%,12,69%,68
Next Gen,80%,5,67%,640
Der Kandidat (The Candidate),N/A,N/A,N/A,N/A
Donnybrook,39%,46,36%,88
"One Nation, One King (Un peuple et son roi)",33%,9,33%,16
Gloria Bell,91%,197,45%,594
Out of Blue,37%,65,32%,38
Teen Spirit,N/A,N/A,41%,345
The Factory,N/A,N/A,40%,"1,519"
The Hate U Give,97%,219,83%,"4,377"
Hotel Mumbai,76%,213,86%,970
Posledice (no page found),N/A,N/A,N/A,N/A
Gwen,73%,62,77%,145
The Predator,33%,283,33%,"6,958"
When Angels Sleep (no page found),N/A,N/A,N/A,N/A
The Big Take,N/A,N/A,45%,12
A Private War,88%,137,64%,"1,393"
Redcon-1,36%,11,36%,42
Beautiful Boy,70%,67,56%,"7,700"
Shadow,N/A,N/A,N/A,N/A
Outlaw King,61%,148,67%,"1,431"
Ranam (no page found),N/A,N/A,N/A,N/A
The Command (Kursk),68%,50,56%,103
Ranam (no page found),N/A,N/A,N/A,N/A
Greta,N/A,N/A,N/A,N/A
Nothing to Hide (Le jeu),80%,5,74%,99
22 July,81%,124,70%,807
Soni,88%,16,74%,43
Our Time,N/A,N/A,N/A,N/A
Acusada (no page found),N/A,N/A,N/A,N/A
U.F.O.,N/A,N/A,42%,46
Vox Lux,61%,244,37%,"1,010"
Acusada (no page found),N/A,N/A,N/A,N/A
Never Look Away,76%,136,87%,454
At Eternity's Gate,79%,180,64%,"1,231"
Dragged Across Concrete,75%,142,68%,681
NapszÃÂÃÂ¡llta (no page found),N/A,N/A,N/A,N/A
Tel Aviv on Fire,90%,60,86%,28
The Sisters Brothers,87%,202,68%,"2,480"
Charlie Says,N/A,N/A,N/A,N/A
Boy Erased,80%,254,74%,"2,420"
A Twelve-Year Night (La noche de 12 años),80%,15,89%,134
FrÃÂÃÂ¨res ennemis (no page found),N/A,N/A,N/A,N/A
Peterloo,66%,157,41%,104
Can You Ever Forgive Me?,98%,299,80%,"3,075"
Suspiria,65%,321,66%,"2,653"
Amanda,N/A,N/A,29%,103
C/o Kancharapalem (no page found),N/A,N/A,N/A,N/A
Double Lives (no page found),N/A,N/A,N/A,N/A
L'heure de la sortie (no page found),N/A,N/A,N/A,N/A
Destroyer,74%,263,49%,"1,298"
L'heure de la sortie (no page found),N/A,N/A,N/A,N/A
The Ballad of Buster Scruggs,90%,221,77%,"3,453"
Boarding School,33%,9,61%,101
Dywizjon 303 (no page found),N/A,N/A,N/A,N/A
The White Crow,67%,130,80%,255
White Boy Rick,58%,153,50%,"1,648"
Trial by Fire,62%,68,77%,92
The Old Man & the Gun,93%,266,62%,"2,966"
Dywizjon 303 (no page found),N/A,N/A,N/A,N/A
A Star Is Born,90%,511,79%,"20,280"
The Other Side of the Wind,84%,98,57%,331
Stree,79%,14,80%,129
Dywizjon 303 (no page found),N/A,N/A,N/A,N/A
Dywizjon 303 (no page found),N/A,N/A,N/A,N/A
Wiro Sableng 212 (no page found),N/A,N/A,N/A,N/A
Reprisal,N/A,N/A,N/A,N/A
Roma,95%,383,72%,"5,469"
The Favourite,93%,397,69%,"7,126"
Sierra Burgess Is a Loser,61%,38,31%,"1,344"
The Hows Of Us,N/A,N/A,82%,73
On My Skin: The Last Seven Days of Stefano Cucchi (no page found),N/A,N/A,N/A,N/A
YucatÃÂÃÂ¡n (no page found),N/A,N/A,N/A,N/A
Imaikkaa Nodigal,N/A,N/A,71%,128
Kin,N/A,N/A,N/A,N/A
Operation Finale,60%,133,65%,"1,417"
First Man,86%,437,67%,"8,652"
Peppermint,N/A,N/A,67%,17
The Golem,N/A,N/A,N/A,N/A
Munafik 2,N/A,N/A,N/A,N/A
Un amour impossible (no page found),N/A,N/A,N/A,N/A
In Safe Hands (Pupille),85%,13,N/A,N/A
Trespassers,60%,30,29%,35
He's Out There,43%,7,28%,154
Book of Monsters,75%,8,44%,59
The Devil's Doorway,76%,25,45%,231
Juzni vetar (no page found),N/A,N/A,N/A,N/A
The Convent,N/A,N/A,26%,19
Modest Heroes (Ponokku tanpen gekijô: Chiisa na eiyû - Kani to tamago to tômei ningen),86%,7,56%,26
Happy Phirr Bhag Jayegi,50%,8,N/A,N/A
Pimped,80%,10,53%,23
The Cleaning Lady (no page found),N/A,N/A,N/A,N/A
The After Party,N/A,N/A,N/A,N/A
"Sarkari. Hi. Pra. Shale Kasaragodu, Koduge: Ramanna Rai",N/A,N/A,N/A,N/A
I Want to Eat Your Pancreas (Kimi no Suizou wo Tabetai),93%,14,86%,142
The Cleaning Lady (no page found),N/A,N/A,N/A,N/A
The Blue Iguana,0%,6,38%,90
Miss Granny,80%,5,87%,219
Parwaaz Hai Junoon,N/A,N/A,84%,658
Neo-eui kyeol-hoon-sik (no page found),N/A,N/A,N/A,N/A
The Bouncer (Lukas),80%,5,44%,96
"Cyrano, My Love (Edmond)",81%,31,100%,22
Neo-eui kyeol-hoon-sik (no page found),N/A,N/A,N/A,N/A
The Happytime Murders,24%,242,40%,"2,639"
Jawani Phir Nahi Ani 2,N/A,N/A,92%,147
An Interview With God,60%,5,64%,162
El Badla (no page found),N/A,N/A,N/A,N/A
A Fortunate Man (Lykke-Per),83%,6,73%,59
Gundermann (no page found),N/A,N/A,N/A,N/A
The Quake (Skjelvet),85%,39,54%,254
The Seven Deadly Sins: Prisoners of the Sky (no page found),N/A,N/A,N/A,N/A
Fortune Defies Death,N/A,N/A,N/A,N/A
Siccin 5 (no page found),N/A,N/A,N/A,N/A
Little Italy,N/A,N/A,N/A,N/A
Breaking & Exiting,0%,6,69%,109
"Running for Grace (Jo, the Medicine Runner)",N/A,N/A,72%,110
The Dawnseeker,N/A,N/A,27%,15
Kolamavu Kokila (Kolamaavu Kokila),N/A,N/A,N/A,N/A
Mi obra maestra,86%,7,72%,60
Speed Kills,0%,16,31%,92
A-X-L (no page found),N/A,N/A,N/A,N/A
Mile 22,23%,188,44%,"2,741"
Alpha,N/A,N/A,N/A,N/A
Diamond Dust (no page found),N/A,N/A,N/A,N/A
To All the Boys I've Loved Before,96%,68,86%,"4,641"
The Witness,N/A,N/A,N/A,N/A
Satyameva Jayate,17%,12,74%,102
Diamond Dust (no page found),N/A,N/A,N/A,N/A
Geetha Govindam,N/A,N/A,55%,182
The Bad Nun (no page found),N/A,N/A,N/A,N/A
The Festival,80%,15,46%,218
What Still Remains,90%,10,47%,378
Patient Zero (Biohazard: Patient Zero),N/A,N/A,33%,7
Why Don't You Just Die! (no page found),N/A,N/A,N/A,N/A
Why Don't You Just Die! (no page found),N/A,N/A,N/A,N/A
Sebelum Iblis Menjemput (no page found),N/A,N/A,N/A,N/A
Sebelum Iblis Menjemput (no page found),N/A,N/A,N/A,N/A
Mission of Honor,83%,6,45%,67
Malicious,N/A,N/A,18%,22
Slender Man,6%,78,17%,"2,495"
Vishwaroopam 2,0%,8,N/A,N/A
Dog Days,47%,34,69%,"2,596"
The Meg,46%,297,42%,"6,801"
Huan tu (no page found),N/A,N/A,N/A,N/A
Alien Code,N/A,N/A,69%,27
Crazy Rich Asians,91%,351,76%,"12,751"
Huan tu (no page found),N/A,N/A,N/A,N/A
Ray & Liz,96%,69,N/A,N/A
Sibel,75%,8,100%,10
Chi La Sow?,N/A,N/A,N/A,N/A
Karwaan,70%,10,71%,103
My Hero Academia: Two Heroes,100%,7,90%,"1,319"
Mulk,89%,9,64%,96
Like Father,N/A,N/A,N/A,N/A
Fanney Khan,60%,10,50%,42
Too Late to Die Young (Tarde para morir joven),98%,55,50%,16
Huan tu (no page found),N/A,N/A,N/A,N/A
Goodachari,N/A,N/A,71%,9
Destination Wedding,52%,85,58%,810
Huan tu (no page found),N/A,N/A,N/A,N/A
Mia and the White Lion,88%,17,57%,69
Along with the Gods: The Last 49 Days (Singwa hamkke: Ingwa yeon),44%,9,76%,165
Huan tu (no page found),N/A,N/A,N/A,N/A
Huan tu (no page found),N/A,N/A,N/A,N/A
The Darkest Minds,16%,140,73%,"2,762"
Down a Dark Hall,50%,26,21%,280
Primal Rage: The Legend of Konga (no page found),N/A,N/A,N/A,N/A
Christopher Robin,72%,268,83%,"5,699"
Pengin haiwei (no page found),N/A,N/A,N/A,N/A
Xi hong shi shou fu (no page found),N/A,N/A,N/A,N/A
The Row,N/A,N/A,18%,70
14 Cameras,22%,9,23%,122
Extinction,N/A,N/A,N/A,N/A
Detective Dee: The Four Heavenly Kings (Di Renjie zhi Sidatianwang),60%,10,63%,56
The Spy Who Dumped Me,49%,205,57%,"3,604"
Inrang (no page found),N/A,N/A,N/A,N/A
Inrang (no page found),N/A,N/A,N/A,N/A
The Witch in the Window,64%,11,53%,94
Teen Titans GO! to the Movies (no page found),N/A,N/A,N/A,N/A
Our House: A Very Real Documentary About Kids of Gay and Lesbian Parents,N/A,N/A,N/A,N/A
Teefa In Trouble,N/A,N/A,91%,222
Dhadak,31%,13,59%,167
Father of the Year,0%,11,50%,350
Lifechanger,86%,22,62%,58
The Man Who Killed Hitler and Then The Bigfoot,76%,92,51%,875
Teen Titans GO! to the Movies (no page found),N/A,N/A,N/A,N/A
Equalizer 2,51%,199,61%,"4,824"
CAM,93%,97,53%,"1,193"
Za ona dobra stara vremena (no page found),N/A,N/A,N/A,N/A
Morto NÃÂÃÂ£o Fala (no page found),N/A,N/A,N/A,N/A
Billionaire Boys Club,7%,15,36%,326
Mega Time Squad,78%,18,59%,164
Koode (no page found),N/A,N/A,N/A,N/A
Koode (no page found),N/A,N/A,N/A,N/A
PokÃÂÃÂ©mon the Movie: The Power of Us (no page found),N/A,N/A,N/A,N/A
Neerali (no page found),N/A,N/A,N/A,N/A
Romina,N/A,N/A,0%,38
How It Ends,17%,18,16%,"1,498"
Chinababu (no page found),N/A,N/A,N/A,N/A
Sabrina,N/A,N/A,33%,40
Soorma,46%,13,85%,63
Nightmare Cinema,77%,44,45%,163
Rusalka: Ozero myortvykh (no page found),N/A,N/A,N/A,N/A
Mission: Impossible - Fallout (no page found),N/A,N/A,N/A,N/A
RX 100,N/A,N/A,N/A,N/A
Tamizh Padam 2.0,N/A,N/A,N/A,N/A
Mamma Mia! Here We Go Again (no page found),N/A,N/A,N/A,N/A
Skyscraper,N/A,N/A,N/A,N/A
Xie bu ya zheng (no page found),N/A,N/A,N/A,N/A
Cutterhead,N/A,N/A,88%,11
1/1 (no page found),N/A,N/A,N/A,N/A
Si shi qing chun (no page found),N/A,N/A,N/A,N/A
Hezarpa (no page found),N/A,N/A,N/A,N/A
Au poste! (no page found),N/A,N/A,N/A,N/A
Siberia,13%,48,18%,336
The First Purge,55%,170,27%,"3,030"
I Do Not Care If We Go Down in History as Barbarians (Îmi este indiferent daca în istorie vom intra ca barbari),96%,25,55%,24
All is Well (no page found),N/A,N/A,N/A,N/A
Crystal Swan,100%,13,71%,30
No Surrender,N/A,N/A,82%,139
Das schÃÂÃÂ¶nste MÃÂÃÂ¤dchen der Welt (no page found),N/A,N/A,N/A,N/A
BuyBust,83%,18,67%,418
The Domestics,100%,5,49%,521
Tau,25%,12,48%,542
Ee Nagaraniki Emaindi,N/A,N/A,N/A,N/A
Das schÃÂÃÂ¶nste MÃÂÃÂ¤dchen der Welt (no page found),N/A,N/A,N/A,N/A
Patrick,36%,33,57%,102
Sanju,40%,15,78%,680
RedBad,N/A,N/A,58%,33
The Witch: Part 1 - The Subversion (no page found),N/A,N/A,N/A,N/A
Uncle Drew,61%,95,47%,"1,583"
Budapest,N/A,N/A,43%,86
Solis,0%,5,26%,103
Dead in a Week Or Your Money Back (no page found),N/A,N/A,N/A,N/A
Possum,90%,40,52%,382
Ant-Man and the Wasp,87%,423,75%,"24,554"
Dead in a Week Or Your Money Back (no page found),N/A,N/A,N/A,N/A
A Dark Place (Steel Country),54%,24,73%,75
"Ruben Brandt, Collector",81%,63,80%,137
Calibre,95%,19,73%,671
Await Further Instructions,80%,20,28%,610
Love Sonia,72%,18,82%,39
Dying to Survive,86%,7,95%,58
The Fall of the American Empire (La chute de l'empire américain),60%,57,75%,48
Office Uprising,N/A,N/A,78%,229
Red Forrest (no page found),N/A,N/A,N/A,N/A
The Unthinkable (Den blomstertid nu kommer),100%,8,64%,36
Sicario: Day of the Soldado,62%,283,64%,"4,936"
In This Gray Place,N/A,N/A,25%,11
Brokedown (no page found),N/A,N/A,N/A,N/A
Abhrahaminte Santhathikal (no page found),N/A,N/A,N/A,N/A
Poramon 2 (no page found),N/A,N/A,N/A,N/A
Antiquities,100%,5,89%,83
Lust Stories,100%,10,66%,432
Amazon Hot Box (no page found),N/A,N/A,N/A,N/A
Sammohanam,N/A,N/A,N/A,N/A
Race 3,7%,14,17%,529
Ulysses: A Dark Odyssey (no page found),N/A,N/A,N/A,N/A
Ulysses: A Dark Odyssey (no page found),N/A,N/A,N/A,N/A
Superfly,92%,26,70%,"5,556"
Escape Plan 2: Hades,8%,24,15%,730
Big Legend,N/A,N/A,58%,108
Hotel Transylvania 3: Summer Vacation,62%,116,48%,"3,454"
Set It Up,92%,59,68%,"1,273"
An Hour to Kill,N/A,N/A,97%,136
Okko's Inn,100%,15,85%,40
Cumali Ceber 2 (no page found),N/A,N/A,N/A,N/A
2036 Origin Unknown,N/A,N/A,36%,459
Swimming with Men,56%,45,56%,123
Hotel Artemis,58%,176,34%,"1,925"
American Woman,88%,75,81%,62
Bad Seeds (Mauvaises Herbes),N/A,N/A,N/A,N/A
Ocean's 8,69%,355,45%,"10,235"
Incredibles 2,93%,377,84%,"18,337"
Action Point,13%,47,26%,663
Bhavesh Joshi Superhero,42%,12,80%,146
Veere Di Wedding,46%,13,24%,261
Social Animals,38%,8,43%,67
The Texture of Falling,13%,8,80%,39
The Bromley Boys,58%,12,99%,492
How to Get Over a Breakup (no page found),N/A,N/A,N/A,N/A
Adrift,70%,193,65%,"2,237"
Distorted,18%,11,82%,594
PremiÃÂÃÂ¨re annÃÂÃÂ©e (no page found),N/A,N/A,N/A,N/A
The Extraordinary Journey of the Fakir,59%,29,83%,18
211,4%,24,9%,174
PremiÃÂÃÂ¨re annÃÂÃÂ©e (no page found),N/A,N/A,N/A,N/A
Chernovik (no page found),N/A,N/A,N/A,N/A
Future World,0%,9,12%,363
Ibiza,67%,24,40%,508
Chernovik (no page found),N/A,N/A,N/A,N/A
The Believer,83%,93,82%,"25,208"
Chernovik (no page found),N/A,N/A,N/A,N/A
Jurassic World: Fallen Kingdom,47%,420,48%,"29,857"
The Man Who Killed Don Quixote,64%,121,63%,414
Ayka,80%,10,75%,27
Gojira: kessen kidÃÂÃÂ´ zÃÂÃÂ´shoku toshi (no page found),N/A,N/A,N/A,N/A
The Wild Pear Tree (Ahlat agaci),94%,80,82%,321
Angrezi Mein Kehte Hain,17%,6,N/A,N/A
Hurricane Bianca: From Russia with Hate,N/A,N/A,36%,26
CapharnaÃÂÃÂ¼m (no page found),N/A,N/A,N/A,N/A
Book Club,54%,184,51%,"2,033"
Knife + Heart (no page found),N/A,N/A,N/A,N/A
Burning,N/A,N/A,N/A,N/A
Mirai,90%,81,80%,904
Dogman,N/A,N/A,21%,19
Long Day's Journey Into Night (Di qiu zui hou de ye wan),93%,89,66%,112
At War (En guerre),70%,33,90%,26
Carmen & Lola (Carmen y Lola),89%,19,75%,37
Under the Silver Lake,59%,150,54%,529
Gotti,60%,5,82%,"6,811"
En libertÃÂÃÂ©! (no page found),N/A,N/A,N/A,N/A
BlacKkKlansman,96%,428,83%,"11,066"
Sir,N/A,N/A,N/A,N/A
Asako I & II (Netemo sametemo),77%,47,73%,25
En libertÃÂÃÂ©! (no page found),N/A,N/A,N/A,N/A
Climax,69%,178,66%,718
Shoplifters (Manbiki kazoku),99%,223,91%,"2,148"
Nos batailles (no page found),N/A,N/A,N/A,N/A
Sink or Swim,N/A,N/A,40%,74
Manto,N/A,N/A,N/A,N/A
Happy as Lazzaro (Lazzaro felice),91%,86,82%,349
3 Faces,98%,97,71%,41
Girl,85%,60,71%,315
Kona fer ÃÂÃÂ­ strÃÂÃÂ­ÃÂÃÂ° (no page found),N/A,N/A,N/A,N/A
The Load (Teret),100%,26,N/A,N/A
Kona fer ÃÂÃÂ­ strÃÂÃÂ­ÃÂÃÂ° (no page found),N/A,N/A,N/A,N/A
Girls of the Sun (Les filles du soleil),46%,50,88%,34
Fahrenheit 451,33%,79,23%,656
ShÃÂÃÂ©hÃÂÃÂ©razade (no page found),N/A,N/A,N/A,N/A
The Spy Gone North,100%,19,91%,145
Jiang hu er nÃÂÃÂ¼ (no page found),N/A,N/A,N/A,N/A
Jiang hu er nÃÂÃÂ¼ (no page found),N/A,N/A,N/A,N/A
Diamantino,86%,72,58%,40
The Image Book (Le livre d'image),90%,86,53%,93
The Kissing Booth,17%,12,58%,"2,650"
Jiang hu er nÃÂÃÂ¼ (no page found),N/A,N/A,N/A,N/A
Another Day of Life,89%,19,95%,39
Loro,78%,73,60%,124
Sauvage / Wild (no page found),N/A,N/A,N/A,N/A
Brother of the Year,N/A,N/A,67%,22
"Sorry Angel (Plaire, aimer et courir vite)",82%,60,64%,103
Irumbu Thirai,N/A,N/A,67%,93
Breaking In,90%,10,40%,"1,308"
Raazi,100%,7,85%,375
Ártico (Arctic),N/A,N/A,N/A,N/A
Sauvage / Wild (no page found),N/A,N/A,N/A,N/A
Show Dogs,16%,63,25%,701
Life of the Party,N/A,N/A,39%,351
Border,N/A,N/A,N/A,N/A
Terminal,N/A,N/A,N/A,N/A
Solo: A Star Wars Story,70%,471,64%,"43,824"
Delirium,N/A,N/A,N/A,N/A
Sauvage / Wild (no page found),N/A,N/A,N/A,N/A
Donbass,90%,39,79%,82
Leto,79%,61,78%,27
Yomeddine,76%,29,88%,16
Birds of Passage,N/A,N/A,40%,12
Higher Power,N/A,N/A,44%,133
Mahanati,100%,5,93%,108
Everybody Knows (Todos lo saben),78%,175,60%,630
Lake Alice,N/A,N/A,24%,51
The Toybox,N/A,N/A,10%,147
RIP?,N/A,N/A,N/A,N/A
Parmanu: The Story of Pokhran,36%,11,87%,224
Rimetti a noi i nostri debiti (no page found),N/A,N/A,N/A,N/A
Incoming,N/A,N/A,3%,40
The Con Is On,0%,5,42%,163
Naa Peru Surya Na Illu India (no page found),N/A,N/A,N/A,N/A
Rust Creek,84%,44,66%,574
102 Not Out,54%,13,83%,107
Sobibor,75%,16,43%,56
Anon,37%,49,35%,688
BROS. On The Rocks (no page found),N/A,N/A,N/A,N/A
Milf,N/A,N/A,24%,894
Deadpool 2,84%,410,85%,"31,628"
BROS. On The Rocks (no page found),N/A,N/A,N/A,N/A
Overboard,42%,31,74%,"68,311"
Us and Them,60%,20,64%,169
Kaala,60%,10,74%,184
The Week Of,27%,26,34%,584
Candy Jar,71%,7,68%,122
American Warfighter (no page found),N/A,N/A,N/A,N/A
The Debt Collector,N/A,N/A,74%,653
American Warfighter (no page found),N/A,N/A,N/A,N/A
Loro,78%,73,60%,124
Untogether,38%,24,26%,95
Avengers: Infinity War,85%,468,91%,"58,484"
Dear Ex,89%,9,88%,70
All About Nina,86%,57,74%,254
Diane,N/A,N/A,40%,22
Braid,N/A,N/A,N/A,N/A
The Best Summer of My Life (El mejor verano de mi vida),N/A,N/A,N/A,N/A
American Warfighter (no page found),N/A,N/A,N/A,N/A
Little Woods,95%,95,53%,224
Zoe,N/A,N/A,80%,51
American Warfighter (no page found),N/A,N/A,N/A,N/A
The Sea Gull,N/A,N/A,33%,27
The Farm (no page found),N/A,N/A,N/A,N/A
O.G.,89%,9,71%,65
Duck Butter,58%,36,43%,118
In a Relationship,60%,15,45%,156
St. Agatha,64%,25,35%,202
Puppet Master: The Littlest Reich,69%,45,50%,197
Traffik,N/A,N/A,79%,60
Charming,25%,16,42%,192
Dude,N/A,N/A,37%,183
Back Roads,40%,10,35%,"1,566"
Perdida,N/A,N/A,N/A,N/A
Trener (no page found),N/A,N/A,N/A,N/A
Bharat Ane Nenu,83%,6,83%,92
I Feel Pretty,35%,222,35%,"4,628"
Stockholm,80%,5,64%,104
Here and Now (Blue Night),23%,22,11%,68
Super Troopers 2,36%,97,64%,"3,546"
The Transcendents,N/A,N/A,N/A,N/A
Anonymous 616 (no page found),N/A,N/A,N/A,N/A
The Joke Thief (no page found),N/A,N/A,N/A,N/A
Alex Strangelove,80%,25,70%,621
Measure of a Man,52%,25,69%,75
Meitantei Conan: Zero no ShikkÃÂÃÂ´nin (no page found),N/A,N/A,N/A,N/A
Je ne suis pas un homme facile (no page found),N/A,N/A,N/A,N/A
Je ne suis pas un homme facile (no page found),N/A,N/A,N/A,N/A
Io sono Tempesta (no page found),N/A,N/A,N/A,N/A
Truth or Dare?: A Critical Madness,N/A,N/A,57%,"1,524"
Bad Samaritan,53%,76,67%,862
Corbin Nash,N/A,N/A,57%,140
Rampage,N/A,N/A,N/A,N/A
Inuyashiki,100%,5,89%,59
The Guernsey Literary and Potato Peel Pie Society,81%,70,80%,"1,400"
Taxi 5,0%,5,33%,160
Missing,N/A,N/A,50%,104
Black Tide (Fleuve noir),85%,13,57%,22
Amateur,N/A,N/A,N/A,N/A
Swapnajaal (Swapno Jaal),N/A,N/A,N/A,N/A
Gogol. Viy (no page found),N/A,N/A,N/A,N/A
Blackmail,N/A,N/A,N/A,N/A
White Chamber,43%,7,20%,35
Black Water,N/A,N/A,N/A,N/A
A Breath Away (Dans la brume),45%,11,44%,83
Champions (Campeones),75%,12,84%,93
Trouble Is My Business,N/A,N/A,N/A,N/A
Swathanthryam Ardharathriyil,N/A,N/A,N/A,N/A
Run the Race,40%,10,84%,331
God's Not Dead: A Light in Darkness,11%,19,54%,"1,193"
Gogol. Viy (no page found),N/A,N/A,N/A,N/A
Birthmarked,11%,18,61%,106
Hunter Killer,36%,110,69%,"2,240"
Rangasthalam 1985 (no page found),N/A,N/A,N/A,N/A
TBS (Nothing to Lose),N/A,N/A,73%,320
Jim Button and Luke the Engine Driver (no page found),N/A,N/A,N/A,N/A
Gonjiam: Haunted Asylum,91%,11,73%,342
Tyler Perry's Acrimony,17%,36,51%,784
Sgt. Stubby: An American Hero,89%,46,92%,702
Batman Ninja,82%,17,39%,"1,114"
All Light Will End,N/A,N/A,71%,122
Sudani from Nigeria (no page found),N/A,N/A,N/A,N/A
"Paul, Apostle of Christ",45%,38,81%,"1,635"
Baaghi 2,36%,11,59%,238
Sajjan Singh Rangroot,N/A,N/A,N/A,N/A
Hichki,50%,12,81%,219
Sudani from Nigeria (no page found),N/A,N/A,N/A,N/A
"Game Over, Man! (no page found)",N/A,N/A,N/A,N/A
Pacific Rim Uprising,43%,257,38%,"32,403"
Welcome the Stranger,N/A,N/A,94%,332
Solo,6%,35,26%,"6,234"
Mi mejor amigo (no page found),N/A,N/A,N/A,N/A
The Miracle Season,50%,44,83%,878
Family Blood,N/A,N/A,9%,59
Kaybedenler KulÃÂÃÂ¼bÃÂÃÂ¼ Yolda (no page found),N/A,N/A,N/A,N/A
Glossary of Broken Dreams,N/A,N/A,N/A,N/A
10x10,67%,9,20%,213
Furlough,20%,5,32%,61
Benji,86%,7,55%,"33,834"
The Matchmaker's Playbook (no page found),N/A,N/A,N/A,N/A
Pitbull. Ostatni Pies,N/A,N/A,N/A,N/A
Raid,N/A,N/A,N/A,N/A
Put Grandma in the Freezer (no page found),N/A,N/A,N/A,N/A
I Can Only Imagine,N/A,N/A,N/A,N/A
Sherlock Gnomes,26%,65,35%,"1,618"
Put Grandma in the Freezer (no page found),N/A,N/A,N/A,N/A
The Laws of Thermodynamics (Las Leyes de la Termodinámica),46%,13,40%,36
Thunder Road,70%,10,63%,"2,177"
Put Grandma in the Freezer (no page found),N/A,N/A,N/A,N/A
6 Balloons,86%,29,55%,323
First Match,85%,20,82%,187
Barriere (Boundaries),N/A,N/A,N/A,N/A
Mudras Calling (no page found),N/A,N/A,N/A,N/A
The New Romantic,62%,29,39%,136
Brothers' Nest,92%,25,75%,65
The Field Guide to Evil,67%,9,N/A,N/A
Mudras Calling (no page found),N/A,N/A,N/A,N/A
Ready Player One,72%,429,77%,"25,106"
Mudras Calling (no page found),N/A,N/A,N/A,N/A
Summer '03,61%,23,51%,167
Blood Fest,53%,19,43%,171
What Keeps You Alive,83%,47,50%,573
Elizabeth Harvest,55%,20,44%,136
Don't Leave Home,74%,19,22%,248
The Breaker Upperers,87%,46,51%,361
Adieu Paris (Upgrade),N/A,N/A,N/A,N/A
Fast Color,81%,85,64%,269
A Vigilante,92%,37,48%,306
At First Light,54%,13,50%,68
Wildling,70%,46,41%,573
The Legacy of a Whitetail Deer Hunter,30%,23,42%,135
Blockers,83%,224,50%,"5,096"
Galveston,73%,52,55%,440
Direnis Karatay (no page found),N/A,N/A,N/A,N/A
Heavy Trip (Hevi reissu),94%,31,84%,278
Support the Girls,91%,153,62%,483
A Quiet Place,96%,371,83%,"23,034"
Title not found,N/A,N/A,N/A,N/A
Hate Story IV (no page found),N/A,N/A,N/A,N/A
Duck Duck Goose,N/A,N/A,39%,191
Unfriended: Dark Web,59%,118,38%,"1,173"
Scott and Sid,N/A,N/A,78%,687
Bent,N/A,N/A,47%,168
Hate Story IV (no page found),N/A,N/A,N/A,N/A
I Am Losing Weight (no page found),N/A,N/A,N/A,N/A
I Am Losing Weight (no page found),N/A,N/A,N/A,N/A
I Am Losing Weight (no page found),N/A,N/A,N/A,N/A
Message Man,N/A,N/A,70%,49
The Cake General (Tårtgeneralen),N/A,N/A,83%,7
The Stolen Princess (Vykradena pryntsesa: Ruslan i Ludmila),N/A,N/A,31%,23
The Strangers: Prey At Night,40%,121,34%,"2,091"
Dirt,N/A,N/A,N/A,N/A
Knuckleball,N/A,N/A,N/A,N/A
The Delinquent Season,67%,12,71%,78
I Am Losing Weight (no page found),N/A,N/A,N/A,N/A
Ailecek Saskiniz (no page found),N/A,N/A,N/A,N/A
Pari,42%,12,72%,69
Luis and The Aliens,24%,17,58%,74
Along Came the Devil,38%,8,43%,71
Ailecek Saskiniz (no page found),N/A,N/A,N/A,N/A
Za granyu realnosti (no page found),N/A,N/A,N/A,N/A
Abnormal Attraction,N/A,N/A,76%,17
Battle Drone,N/A,N/A,60%,34
Death Wish,67%,27,68%,"22,085"
Ramen Shop (Ramen teh),88%,40,78%,46
Little Forest,N/A,N/A,86%,15
The Hurricane Heist,47%,59,23%,824
Devil's Tree: Rooted Evil (no page found),N/A,N/A,N/A,N/A
Devil's Tree: Rooted Evil (no page found),N/A,N/A,N/A,N/A
"Love, Simon",91%,227,88%,"7,618"
Devil's Tree: Rooted Evil (no page found),N/A,N/A,N/A,N/A
A Wrinkle in Time,N/A,N/A,40%,"7,536"
Devil's Tree: Rooted Evil (no page found),N/A,N/A,N/A,N/A
Maquia: When the Promised Flower Blooms,100%,27,86%,417
The Party's Just Beginning,77%,22,72%,102
Spinning Man,42%,12,35%,264
Devil's Tree: Rooted Evil (no page found),N/A,N/A,N/A,N/A
El aviso (no page found),N/A,N/A,N/A,N/A
Tagaru,N/A,N/A,90%,69
ÃÂÃÂga (no page found),N/A,N/A,N/A,N/A
Sonu Ke Titu Ki Sweety,40%,10,80%,"1,541"
GÃÂÃÂ¶revimiz Tatil (no page found),N/A,N/A,N/A,N/A
Tik Tik Tik,N/A,N/A,67%,43
Rolling to You (Tout le monde debout),33%,6,62%,17
Twarz (The Face),N/A,N/A,N/A,N/A
In the Aisles (In den Gängen),89%,38,66%,38
GÃÂÃÂ¶revimiz Tatil (no page found),N/A,N/A,N/A,N/A
Half Magic,55%,29,56%,141
Alterscape (no page found),N/A,N/A,N/A,N/A
Mute,21%,85,47%,"1,518"
O chyom govoryat muzhchiny. Prodolzhenie (no page found),N/A,N/A,N/A,N/A
Yowis Ben (no page found),N/A,N/A,N/A,N/A
HeilstÃÂÃÂ¤tten (no page found),N/A,N/A,N/A,N/A
Museo (no page found),N/A,N/A,N/A,N/A
Touch Me Not,N/A,N/A,N/A,N/A
Pig,N/A,N/A,N/A,N/A
Unsane,80%,233,58%,"2,681"
Museo (no page found),N/A,N/A,N/A,N/A
Becoming Astrid (Unga Astrid),96%,28,84%,199
Luz,87%,60,59%,82
Women of Mafia (Kobiety mafii),N/A,N/A,50%,20
Not Cinderella's Type (no page found),N/A,N/A,N/A,N/A
Not Cinderella's Type (no page found),N/A,N/A,N/A,N/A
The Silent Revolution,N/A,N/A,N/A,N/A
Sunday's Illness (La enfermedad del domingo),94%,18,68%,131
Level 16,82%,22,66%,119
UtÃÂÃÂ¸ya: July 22 (no page found),N/A,N/A,N/A,N/A
3 Tage in Quiberon (no page found),N/A,N/A,N/A,N/A
7 Days in Entebbe,24%,115,37%,773
Red Sparrow,45%,295,49%,"4,243"
Dovlatov,80%,15,58%,66
La terra dell'abbastanza (no page found),N/A,N/A,N/A,N/A
Transit,N/A,N/A,N/A,N/A
An Elephant Sitting Still (Da xiang xi di er zuo),96%,49,74%,110
The Heiresses (Las Herederas),97%,79,69%,276
Operation Red Sea,80%,10,64%,445
Monster Hunt 2 (Zhuo Yao Ji 2),56%,9,52%,200
Irreplaceable You,32%,19,58%,214
Looking Glass (no page found),N/A,N/A,N/A,N/A
Styx,N/A,N/A,33%,77
Selfie From Hell,N/A,N/A,27%,34
303,83%,6,92%,39
Black '47,78%,55,76%,765
Detective Chinatown 2,54%,13,69%,82
Hadi Be Oglum (no page found),N/A,N/A,N/A,N/A
Valami Amerika 3 (no page found),N/A,N/A,N/A,N/A
Disguising (no page found),N/A,N/A,N/A,N/A
Ideal Home,67%,54,66%,322
Isle Of Dogs,N/A,N/A,11%,30
Game Night,84%,251,77%,"9,587"
Love Per Square Foot,N/A,N/A,67%,68
A casa tutti bene,N/A,N/A,44%,10
Return of the Hero (Le Retour du Héros),80%,15,85%,52
The Apparition,3%,62,24%,"23,551"
The Monkey King 3,33%,6,48%,160
Ice,N/A,N/A,N/A,N/A
Annihilation,88%,308,66%,"13,389"
Disguising (no page found),N/A,N/A,N/A,N/A
Snapshots,N/A,N/A,43%,72
Pad Man,78%,18,89%,378
When We First Met,43%,23,57%,855
Status Update,0%,5,47%,309
Kayhan (no page found),N/A,N/A,N/A,N/A
Josie,13%,8,32%,113
Love Jacked,22%,9,65%,33
Samson,N/A,N/A,40%,"1,157"
Kayhan (no page found),N/A,N/A,N/A,N/A
Fifty Shades Freed,12%,190,37%,"5,713"
The 15:17 to Paris,23%,164,38%,"2,967"
Accident Man,83%,6,64%,211
Beyond the Woods,N/A,N/A,90%,113
The Cloverfield Paradox,21%,148,42%,"8,453"
"Bomb, yek asheghaneh (no page found)",N/A,N/A,N/A,N/A
Maghzhaye Koochake Zang Zadeh (no page found),N/A,N/A,N/A,N/A
Mosadereh (no page found),N/A,N/A,N/A,N/A
Be Vaghte Sham (no page found),N/A,N/A,N/A,N/A
The Lottery,N/A,N/A,45%,"1,650"
Tangeye Abu Ghorayb (no page found),N/A,N/A,N/A,N/A
Incident In a Ghost Land (Ghostland),56%,27,56%,503
Tangeye Abu Ghorayb (no page found),N/A,N/A,N/A,N/A
The Titan,18%,28,15%,769
Kriminalas ekselences fonds (no page found),N/A,N/A,N/A,N/A
Cebimdeki Yabanci (no page found),N/A,N/A,N/A,N/A
Awe! (no page found),N/A,N/A,N/A,N/A
Merku Thodarchi Malai (no page found),N/A,N/A,N/A,N/A
Tholiprema (Tholi Prema),N/A,N/A,87%,261
Hey Jude,80%,5,N/A,N/A
Living Among Us,14%,7,74%,102
Scorched Earth,18%,11,42%,91
Sono tornato (no page found),N/A,N/A,N/A,N/A
Yeom-lyeok (no page found),N/A,N/A,N/A,N/A
El cuaderno de Sara (no page found),N/A,N/A,N/A,N/A
The Public,65%,91,79%,210
Winchester,13%,129,32%,"2,777"
ÃÂÃÂrÃÂÃÂ¶k tÃÂÃÂ©l (no page found),N/A,N/A,N/A,N/A
Black Panther,N/A,N/A,48%,35
They Remain,56%,27,33%,103
Peranbu,N/A,N/A,N/A,N/A
Mario,100%,12,71%,262
Wij (no page found),N/A,N/A,N/A,N/A
ÃÂÃÂlÃÂÃÂ¼mlÃÂÃÂ¼ DÃÂÃÂ¼nya (no page found),N/A,N/A,N/A,N/A
Hearts Beat Loud,92%,155,74%,"1,683"
Aadhi,N/A,N/A,N/A,N/A
ÃÂÃÂlÃÂÃÂ¼mlÃÂÃÂ¼ DÃÂÃÂ¼nya (no page found),N/A,N/A,N/A,N/A
Kickboxer: Retaliation,92%,13,70%,465
The Long Dumb Road,74%,27,52%,174
Dilan 1990,N/A,N/A,58%,40
Bhaagamathie,N/A,N/A,60%,36
Street Lights,N/A,N/A,71%,53
Padmaavat,56%,27,63%,651
Gangsta,N/A,N/A,86%,9
A Futile and Stupid Gesture,67%,43,70%,556
Braven,77%,31,76%,"1,865"
Puzzle,N/A,N/A,N/A,N/A
A Kid Like Jake,50%,48,44%,216
Damsel,67%,111,56%,716
Tully,81%,53,76%,"1,224"
Lords of Chaos,72%,74,62%,567
Never Goin' Back,75%,60,64%,294
Kelebekler (no page found),N/A,N/A,N/A,N/A
AndiÃÂÃÂ° eÃÂÃÂ°lilega (no page found),N/A,N/A,N/A,N/A
The Miseducation of Cameron Post,86%,183,76%,"1,514"
Madeline's Madeline,88%,118,43%,344
Summer of '84,72%,64,65%,770
AndiÃÂÃÂ° eÃÂÃÂ°lilega (no page found),N/A,N/A,N/A,N/A
Beirut,82%,130,56%,"1,386"
Hereditary,89%,366,67%,"12,698"
Searching,N/A,N/A,N/A,N/A
Skate Kitchen,89%,91,77%,429
Holiday,100%,26,89%,"6,643"
AndiÃÂÃÂ° eÃÂÃÂ°lilega (no page found),N/A,N/A,N/A,N/A
What They Had,86%,113,83%,651
Blaze,73%,11,47%,"2,117"
Assassination Nation,74%,133,54%,"1,057"
I Think We're Alone Now,75%,8,60%,628
White Fang (Zanna Bianca),N/A,N/A,14%,34
The Happy Prince,N/A,N/A,N/A,N/A
Come Sunday,68%,34,59%,144
We the Animals,92%,99,76%,696
Tyrel,60%,50,34%,132
An Evening with Beverly Luff Linn,52%,50,49%,216
Piercing,71%,94,43%,264
Nancy,84%,58,55%,268
Time Share,N/A,N/A,60%,"1,003"
Ekvtime: Man of God (no page found),N/A,N/A,N/A,N/A
Wildlife (no page found),N/A,N/A,N/A,N/A
Yardie,54%,76,53%,94
Sorry to Bother You,93%,299,70%,"6,140"
Colette,N/A,N/A,N/A,N/A
Early Man,81%,172,49%,"2,200"
The Tale,99%,76,83%,640
Leave No Trace,100%,230,81%,"4,751"
Arizona,N/A,N/A,N/A,N/A
Deception: Oo Pel Dan Myin (no page found),N/A,N/A,N/A,N/A
RÃÂÃÂ¼zgar (no page found),N/A,N/A,N/A,N/A
Monsters and Men,85%,78,74%,508
Enes Batur Hayal mi GerÃÂÃÂ§ek mi? (no page found),N/A,N/A,N/A,N/A
The Open House,15%,13,8%,"2,026"
Oru Nalla Naal Paathu Solren,N/A,N/A,N/A,N/A
Eighth Grade,99%,301,83%,"5,156"
Mandy (Crash of Silence)(The Story of Mandy),N/A,N/A,95%,63
The Kindergarten Teacher (Haganenet),76%,34,45%,296
Oiktos (no page found),N/A,N/A,N/A,N/A
Carbon,N/A,N/A,N/A,N/A
"Don't Worry, He Won't Get Far on Foot",76%,185,75%,"1,566"
Vodka Diaries,0%,5,N/A,N/A
American Animals,88%,209,81%,"2,826"
"Juliet, Naked",83%,163,75%,"1,251"
Step Sisters,22%,9,46%,168
Lizzie,N/A,N/A,7%,96
7 Guardians of the Tomb,7%,15,25%,102
The Catcher Was A Spy,32%,75,52%,493
Skif (no page found),N/A,N/A,N/A,N/A
Blindspotting,94%,169,86%,"2,370"
Hot Dog,N/A,N/A,N/A,N/A
Benzinho (no page found),N/A,N/A,N/A,N/A
Chastnaya Zhizn (Private Life ),N/A,N/A,N/A,N/A
Swinging Safari,74%,27,59%,27
Backstabbing for Beginners,38%,24,47%,181
Den of Thieves,41%,135,62%,"4,389"
The Pagan King: The Battle of Death (no page found),N/A,N/A,N/A,N/A
Maze Runner: The Death Cure,43%,169,58%,"17,082"
12 Strong,50%,171,62%,"5,198"
Forever My Girl,25%,53,79%,"1,722"
Family is Family (no page found),N/A,N/A,N/A,N/A
The Night Eats the World (La nuit a dévoré le monde),86%,43,55%,379
Deliha 2 (no page found),N/A,N/A,N/A,N/A
Batman: Gotham by Gaslight,73%,11,65%,547
The Queen,96%,198,76%,"175,593"
Acts of Violence,N/A,N/A,N/A,N/A
Proud Mary,26%,73,45%,"1,779"
Kaalakaandi,44%,9,53%,27
9 Satra (no page found),N/A,N/A,N/A,N/A
No dormirÃÂÃÂ¡s (no page found),N/A,N/A,N/A,N/A
Benedetta follia (no page found),N/A,N/A,N/A,N/A
Sketch,N/A,N/A,N/A,N/A
Thaanaa Serndha Koottam,N/A,N/A,67%,16
Agnathavasi - Prince in Exile (no page found),N/A,N/A,N/A,N/A
Scooby-Doo! and Batman: The Brave and the Bold,N/A,N/A,N/A,N/A
The Commuter,56%,209,39%,"5,290"
Arif V 216,N/A,N/A,62%,34
Ted - FÃÂÃÂ¶r kÃÂÃÂ¤rlekens skull (no page found),N/A,N/A,N/A,N/A
Insidious: The Last Key,33%,110,51%,"5,823"
Big Bear,N/A,N/A,N/A,N/A
Anons,100%,7,N/A,N/A
Day of the Dead: Bloodline,13%,8,9%,391
Like a Cat on a Highway (Come un gatto in Tangenziale),N/A,N/A,N/A,N/A
Naples in Veils (Napoli velata),86%,7,28%,24
The Informer,54%,35,47%,57
1987: When the Day Comes,80%,10,94%,129
The 12th Man,86%,21,80%,605
The Ice Cream Truck,71%,17,38%,123
Aadu - Oru Bheegara Jeevi Aanu 2 (no page found),N/A,N/A,N/A,N/A
Mayaanadhi,N/A,N/A,100%,128
Bleeding Steel,22%,18,24%,220
Amazon Obhijaan (no page found),N/A,N/A,N/A,N/A
Hot Sweet Sour (no page found),N/A,N/A,N/A,N/A
Velaikkaran,N/A,N/A,N/A,N/A
Hello! (no page found),N/A,N/A,N/A,N/A
Masterpiece,N/A,N/A,N/A,N/A
Dieses bescheuerte Herz (Un corazón extraordinario),N/A,N/A,N/A,N/A
Tiger Zinda Hai,67%,12,65%,548
Father Figures,N/A,N/A,N/A,N/A
MCA Middle Class Abbayi (Telugu),N/A,N/A,N/A,N/A
Along With the Gods: The Two Worlds,63%,8,83%,614
Pitch Perfect 3,29%,145,44%,"16,909"
The Greatest Showman,56%,258,86%,"25,959"
Que baje Dios y lo vea,N/A,N/A,29%,8
All the Money in the World,80%,250,65%,"6,575"
Christmas Inheritance,43%,7,34%,134
The Thousand Faces of Dunjia,33%,9,54%,152
"You, Me and Him",N/A,N/A,73%,117
Steel Rain,N/A,N/A,73%,60
